ma_vt,ten_vt,sl_ban_ra,tien_ban_ra,last_date,extra
1200109,,51.0,12918160.0,2018-10-09T00:00:00,942.0
1200110,Bộ cấp nguồn/ Adaptor Acer 19V-4.74A,,,2018-10-08T00:00:00,
1200112,Bộ cấp nguồn/ Adaptor Asus 19V-2.1A,2.0,678182.0,2018-09-25T00:00:00,134.0
1200113,Bộ cấp nguồn/ Adaptor Asus 19V-3.42A,116.0,29527220.0,2018-10-09T00:00:00,853.0
1200114,Bộ cấp nguồn/ Adaptor Asus 19V-4.74A,31.0,8651821.0,2018-10-09T00:00:00,655.0
1200119,Bộ cấp nguồn/ Adaptor Dell 19.5V-3.34A (Đầu kim nhỏ),80.0,29090882.0,2018-10-09T00:00:00,403.0
1200122,Bộ cấp nguồn/ Adaptor Dell 19.5V - 4.62A (Đầu kim),69.0,22581837.0,2018-10-09T00:00:00,417.0
1200124,Bộ cấp nguồn/ Adaptor Dell 19.5V-6.7A,2.0,1236364.0,2018-09-27T00:00:00,339.0
1200131,Bộ cấp nguồn/ Adaptor HP 18.5V-3.5A,1.0,230000.0,2018-09-19T00:00:00,957.0
1200132,Bộ cấp nguồn/ Adaptor HP 18.5V 3.5A (Đầu kim),19.0,4836355.0,2018-10-08T00:00:00,218.0
1200138,Bộ cấp nguồn/ Adaptor HP 19V-4.74A (Đầu kim),19.0,5527271.0,2018-10-09T00:00:00,978.0
1200140,Bộ cấp nguồn/ Adaptor IBM 16V-3.5A/4.5A,1.0,254545.0,2018-10-05T00:00:00,277.0
1200144,Bộ cấp nguồn/ Adaptor Lenovo 19V-3.42A,3.0,799092.0,2018-09-27T00:00:00,973.0
1200146,Bộ cấp nguồn/ Adaptor Lenovo 20V-2A,0.0,0.0,2018-09-30T00:00:00,0.0
1200147,Bộ cấp nguồn/ Adaptor Lenovo 20V-3.25A (Đầu Thường),4.0,1065456.0,2018-10-08T00:00:00,961.0
1200148,Bộ cấp nguồn/ Adaptor Lenovo 20V-3.25A (Đầu Kim),2.0,563636.0,2018-10-05T00:00:00,614.0
1200155,Bộ cấp nguồn/ Adaptor Samsung 19V-2.1A,2.0,558182.0,2018-09-17T00:00:00,205.0
1200156,Bộ cấp nguồn/ Adaptor Samsung 19V-3.16A,2.0,558182.0,2018-10-03T00:00:00,205.0
1200164,Bộ cấp nguồn/ Adaptor Sony 19.5V-3.9A,11.0,3070001.0,2018-10-08T00:00:00,623.0
1200165,Bộ cấp nguồn/ Adaptor Sony 19.5V-4.7A,14.0,4072726.0,2018-10-08T00:00:00,402.0
1200166,Bộ cấp nguồn/ Adaptor Sony 19.5V-3.3A,6.0,1674546.0,2018-10-04T00:00:00,615.0
1200169,Bộ cấp nguồn/ Adaptor Toshiba 19V-1.58A,1.0,254545.0,2018-09-27T00:00:00,277.0
1200170,Bộ cấp nguồn/ Adaptor Toshiba 19V-3.42A,11.0,2745450.0,2018-10-08T00:00:00,970.0
1200171,Bộ cấp nguồn/ Adaptor Toshiba 19V-3.95A,3.0,872727.0,2018-10-01T00:00:00,951.0
1200172,Bộ cấp nguồn/ Adaptor Toshiba 19V-4.74A,2.0,558182.0,2018-10-08T00:00:00,205.0
1200177,Bộ cấp nguồn/ Adaptor Apple 45W 2012 Zin,1.0,860909.0,2018-09-27T00:00:00,232.0
1200179,Bộ cấp nguồn/ Adaptor Apple 85W Zin,0.0,0.0,2018-09-20T00:00:00,0.0
1200181,áo mưa,3.0,0.0,2018-09-26T00:00:00,0.0
1200184,áo thun,280.0,0.0,2018-10-09T00:00:00,0.0
1200237,Ba lô Acer,1611.0,0.0,2018-10-09T00:00:00,0.0
1200250,Ba lô HP,0.0,0.0,2018-09-24T00:00:00,0.0
1200253,Ba lô Lenovo,210.0,0.0,2018-10-09T00:00:00,0.0
1200261,Ba lô tặng,7.0,0.0,2018-10-03T00:00:00,0.0
1200302,Bao da ổ cứng HDD Seagate,219.0,0.0,2018-10-09T00:00:00,0.0
1200613,Bộ vít 6088,17.0,1375361.0,2018-10-09T00:00:00,94.0
1200707,Cáp 1394 SSK,38.0,1209084.0,2018-10-09T00:00:00,302.0
1200709,Cáp CommScope (AMP) chính hiệu 5e FTP  (Thùng 305m),5.0,13569092.0,2018-10-05T00:00:00,60.0
1200712,Cáp CommScope (AMP) chính hiệu 5e UTP (Thùng 300m),25.0,47904358.0,2018-10-09T00:00:00,65.0
1200713,Cáp CommScope (AMP) chính hiệu cat.6 UTP (Thùng 300m),16.0,41192977.0,2018-10-09T00:00:00,552.0
1200727,Cáp Dintek 5e UTP (Thùng 100m),31.0,21530636.0,2018-10-09T00:00:00,594.0
1200728,Cáp Dintek 5e UTP (Thùng 300m),9.0,16772724.0,2018-10-08T00:00:00,117.0
1200730,Cáp Dintek cat 6 UTP (Thùng 300m),4.0,12000000.0,2018-10-04T00:00:00,972.0
1200751,Cáp HDMI->Micro HDMI 1.5M (01502),13.0,1087268.0,2018-10-05T00:00:00,575.0
1200755,Cáp HDMI Unitek YC 120 (116a) (10m),35.0,15254541.0,2018-10-09T00:00:00,479.0
1200757,Cáp HDMI Unitek YC 109 (15m),25.0,17403639.0,2018-10-08T00:00:00,407.0
1200759,Cáp HDMI Unitek YC 110 (20m),22.0,19955458.0,2018-10-08T00:00:00,465.0
1200766,Cáp HDMI Unitek YC 114 (3m),77.0,11102751.0,2018-10-09T00:00:00,724.0
1200771,Cáp HDMI Unitek YC 115 (5m),84.0,15769084.0,2018-10-09T00:00:00,432.0
1200815,Cáp RJ 11,661.0,1802728.0,2018-10-09T00:00:00,654.0
1200816,Cáp RJ 45 Dintek cat 5 (1 mét),2037.0,16074507.0,2018-10-09T00:00:00,128.0
1200817,Cáp RJ 45 CommScope (AMP) cat 5 (1 mét),2623.0,23790893.0,2018-10-09T00:00:00,691.0
1200819,Cáp Sata 150,245.0,1635023.0,2018-10-09T00:00:00,443.0
1200823,Cáp USB -> 2PS2  Unitek Y155,8.0,400000.0,2018-10-07T00:00:00,436.0
1200825,Cáp USB -> DB9+DB25 (WS-C003A),-1.0,-150000.0,2018-09-13T00:00:00,-668.0
1200834,Cáp USB máy in (10m),16.0,1440000.0,2018-10-09T00:00:00,157.0
1200835,Cáp USB nối dài (10m),37.0,3182790.0,2018-10-09T00:00:00,404.0
1200837,Cáp USB máy in (1.5m),106.0,2409073.0,2018-10-09T00:00:00,590.0
1200838,Cáp USB nối dài (1.5m),152.0,3441802.0,2018-10-09T00:00:00,103.0
1200839,Cáp USB máy in (3m),75.0,2386350.0,2018-10-09T00:00:00,65.0
1200840,Cáp USB nối dài (3m),52.0,1651355.0,2018-10-09T00:00:00,631.0
1200841,Cáp USB máy in (5m),66.0,2940022.0,2018-10-09T00:00:00,805.0
1200842,Cáp USB nối dài (5m),31.0,1409102.0,2018-10-09T00:00:00,538.0
1200860,Cáp USB nối dài SSK (1.5m),60.0,2178190.0,2018-10-09T00:00:00,768.0
1200863,Cáp UTP DTC (3m),85.0,1058992.0,2018-10-09T00:00:00,551.0
1200864,Cáp UTP DTC (5m),163.0,3012800.0,2018-10-08T00:00:00,935.0
1200868,Cáp UTP Vcom Cat6 flat (10m),138.0,10601842.0,2018-10-09T00:00:00,279.0
1200869,Cáp UTP Vcom Cat6 slim (10m),227.0,17500496.0,2018-10-09T00:00:00,400.0
1200870,Cáp UTP Vcom Cat6 flat (15m),66.0,6580000.0,2018-10-09T00:00:00,311.0
1200872,Cáp UTP Vcom Cat6 slim (15m),102.0,10861838.0,2018-10-09T00:00:00,962.0
1200873,Cáp UTP Vcom Cat6 flat (20m),92.0,11238303.0,2018-10-09T00:00:00,61.0
1200874,Cáp UTP Vcom Cat6 slim (20m),184.0,23829775.0,2018-10-09T00:00:00,222.0
1200876,Cáp UTP Vcom Cat6 flat (2m),118.0,4076347.0,2018-10-09T00:00:00,996.0
1200877,Cáp UTP Vcom Cat6 slim (2m),223.0,8107305.0,2018-10-09T00:00:00,999.0
1200878,Cáp UTP Vcom Cat6 flat (3m),69.0,2693418.0,2018-10-09T00:00:00,397.0
1200880,Cáp UTP Vcom Cat6 slim (3m),183.0,7472716.0,2018-10-09T00:00:00,62.0
1200881,Cáp UTP Vcom Cat6 flat (5m),130.0,6485500.0,2018-10-09T00:00:00,657.0
1200882,Cáp UTP Vcom Cat6 slim (5m),235.0,11728637.0,2018-10-09T00:00:00,21.0
1200895,Cáp VGA 10m,12.0,1135545.0,2018-10-05T00:00:00,420.0
1200896,Cáp VGA 15m,5.0,727275.0,2018-10-08T00:00:00,795.0
1200897,Cáp VGA 20m,5.0,840910.0,2018-09-29T00:00:00,413.0
1200900,Cáp VGA 5m,34.0,2311370.0,2018-10-05T00:00:00,760.0
1200901,Cáp VGA 1.8m,320.0,5431779.0,2018-10-09T00:00:00,332.0
1200910,Cáp nguồn,722.0,7596354.0,2018-10-09T00:00:00,602.0
1200913,Cáp nguồn Sata,74.0,332943.0,2018-10-09T00:00:00,982.0
1200914,Cáp nguồn Laptop,106.0,1913018.0,2018-10-09T00:00:00,963.0
1200922,Cáp đồng trục (mét),218.0,687266.0,2018-10-04T00:00:00,137.0
1201009,Card chuyển PCI -> 1394,1.0,140909.0,2018-10-02T00:00:00,658.0
1201036,Card tổng đài Panasonic KX-TE 82480,2.0,4840000.0,2018-09-26T00:00:00,836.0
1201037,Card tổng đài Panasonic KX-TE 82483,2.0,5100000.0,2018-09-27T00:00:00,514.0
1201125,Thùng máy/ Case CM-RC 343 (No power),13.0,7727510.0,2018-10-08T00:00:00,588.0
1201141,Thùng máy/ Case CM-RC K280 (No power),14.0,10403340.0,2018-10-08T00:00:00,550.0
1201142,Thùng máy/ Case CM-RC K350 (No power),2.0,1706364.0,2018-10-01T00:00:00,145.0
1201143,Thùng máy/ Case CM-RC K380 (No power),1.0,908182.0,2018-09-20T00:00:00,82.0
1201293,Bộ vệ sinh máy tính Kingmaster (4 món),263.0,4486520.0,2018-10-09T00:00:00,506.0
1201317,Thiết bị mạng D-Link DIR 605L,23.0,9381820.0,2018-10-08T00:00:00,138.0
1201327,Thiết bị mạng D-Link 1000 (DGE 528T),31.0,8100818.0,2018-10-05T00:00:00,566.0
1201374,Bộ nhớ DDR3 Kingmax 2GB (1600) (8 chip),15.0,6545456.0,2018-10-09T00:00:00,73.0
1201389,Bộ nhớ DDR3 Corsair 4GB (1600) C9 CMZ4GX3M1A,3.0,2896363.0,2018-10-08T00:00:00,533.0
1201390,Bộ nhớ DDR3 Kingmax 4GB (1600) (8 chip),112.0,84890986.0,2018-10-09T00:00:00,789.0
1201420,Bộ nhớ DDR3 Kingmax 8GB (1600),230.0,314789447.0,2018-10-09T00:00:00,618.0
1201465,ổ đĩa DVD Rom LiteOn 18X Sata,7.0,1684407.0,2018-10-08T00:00:00,386.0
1201470,ổ đĩa DVD WR Asus SDRW-08D2S- U,140.0,86947343.0,2018-10-09T00:00:00,804.0
1201474,ổ đĩa DVD WR Fujitsu External,35.0,28358188.0,2018-10-09T00:00:00,243.0
1201494,ổ đĩa DVD WR laptop Sata,1.0,545455.0,2018-09-30T00:00:00,595.0
1201529,Drum Brother DR 2255,3.0,3754545.0,2018-10-04T00:00:00,56.0
1201540,Dịch vụ sửa chữa và bảo trì 01 lần,548.0,52263635.0,2018-10-09T00:00:00,462.0
1201541,Dịch vụ sửa chữa và bảo trì 06 tháng,1.0,227273.0,2018-09-29T00:00:00,248.0
1201542,Dịch vụ sửa chữa và bảo trì 12 tháng,23.0,5150001.0,2018-09-28T00:00:00,65.0
1201620,Quạt CPU CM T2 mini,17.0,3940906.0,2018-10-07T00:00:00,761.0
1201633,Quạt case 8cm,40.0,502329.0,2018-10-07T00:00:00,856.0
1201635,Quạt case ATX 9cm,49.0,837982.0,2018-10-09T00:00:00,512.0
1201636,Quạt case CM Color 12cm,42.0,6030437.0,2018-10-08T00:00:00,653.0
1201648,"""Quạt case đèn 12"""" (120E)""",62.0,3310898.0,2018-10-08T00:00:00,369.0
1201653,Tay cầm Game pad 2008,18.0,1325451.0,2018-10-08T00:00:00,634.0
1201665,Tay cầm Game pad Logitech F310,15.0,7270963.0,2018-10-08T00:00:00,109.0
1201667,Tay cầm Game pad Logitech F710,4.0,3454546.0,2018-09-27T00:00:00,739.0
1201678,Giá treo máy chiếu 120cm,19.0,8878179.0,2018-10-09T00:00:00,997.0
1201679,Giá treo máy chiếu 180-200cm,1.0,1090909.0,2018-09-29T00:00:00,180.0
1201680,Giá treo máy chiếu 60 cm,13.0,4672724.0,2018-10-09T00:00:00,45.0
1201682,Giấy A4 210 liên tục (2-3 liên),7.0,2736363.0,2018-10-07T00:00:00,964.0
1201688,Giấy Epson S042070,1.0,131818.0,2018-09-11T00:00:00,648.0
1201691,Giấy A4 (Double A 80g),133.0,11197680.0,2018-10-09T00:00:00,807.0
1201693,Giấy A4 (Paper One 70g),9.0,572724.0,2018-10-08T00:00:00,621.0
1201694,Giấy A4 (Paper One 80g),13.0,996820.0,2018-10-09T00:00:00,937.0
1201695,Giấy A4 (Plus One 80g),3.0,218181.0,2018-09-18T00:00:00,237.0
1201696,Giấy A4 (Rong Shing),5.0,177273.0,2018-09-26T00:00:00,698.0
1201698,Giấy fax nhiệt,1.0,27273.0,2018-09-25T00:00:00,30.0
1201701,Giấy in bill 3 lliên K75x20m,50.0,1045455.0,2018-09-27T00:00:00,131.0
1201705,Giấy nhiệt 80x45mm in bill,613.0,5959984.0,2018-10-09T00:00:00,830.0
1201706,Giấy nhiệt 80x65mm in bill,607.0,10980909.0,2018-10-09T00:00:00,971.0
1201707,Giấy nhiệt K57,506.0,3681819.0,2018-10-09T00:00:00,987.0
1201708,Giấy ép khổ A3,2.0,1072728.0,2018-09-27T00:00:00,161.0
1201709,Giấy ép khổ A4 (80g),1.0,263636.0,2018-09-13T00:00:00,287.0
1201739,"ổ cứng HDD Seagate 1TB Backup Plus 3.0, 2.5'' (Đen)",51.0,75901814.0,2018-10-09T00:00:00,798.0
1201740,"ổ cứng HDD Seagate 1TB Backup Plus 3.0, 2.5'' (Đỏ)",37.0,54715815.0,2018-10-09T00:00:00,772.0
1201741,"ổ cứng HDD Seagate 1TB Expansion Portable 3.0, 2.5''",52.0,74196379.0,2018-10-09T00:00:00,573.0
1201747,ổ cứng HDD Seagate Barracuda 1TB Sata,670.0,632644535.0,2018-10-09T00:00:00,526.0
1201749,"ổ cứng HDD Transcend 1TB 25H3+Box 2.5""""",27.0,34421823.0,2018-10-09T00:00:00,797.0
1201758,"""ổ cứng HDD WD 1TB Elements Box 2.5""""3.0""",238.0,341234627.0,2018-10-09T00:00:00,917.0
1201762,ổ cứng HDD WD 1TB WD10EZEX Sata 3 (Xanh),1089.0,998677033.0,2018-10-09T00:00:00,112.0
1201765,ổ cứng HDD WD 1TB WD10EFRX Sata 3 (Đỏ),24.0,33693458.0,2018-10-09T00:00:00,930.0
1201785,ổ cứng HDD Seagate Barracuda 2TB Sata,68.0,103043178.0,2018-10-09T00:00:00,62.0
1201787,"ổ cứng HDD WD 2TB Elements+Box 3.5""""",14.0,28281817.0,2018-10-08T00:00:00,556.0
1201791,ổ cứng HDD WD 2TB WD20EFRX Sata3 (Đỏ),15.0,30711198.0,2018-10-09T00:00:00,265.0
1201819,"ổ cứng HDD Seagate 3TB Backup Plus 3.0, 3.5''",1.0,2750000.0,2018-09-27T00:00:00,475.0
1201820,"ổ cứng HDD Seagate 3TB Expansion Portable 3.0, 3.5''",4.0,10690908.0,2018-10-05T00:00:00,553.0
1201823,"""ổ cứng HDD WD 3TB Elements+Box 3.5"""" 3.0""",17.0,45918184.0,2018-10-09T00:00:00,612.0
1201825,ổ cứng HDD WD 3TB WD30EFRX Sata 3 (Đỏ),7.0,18966987.0,2018-10-03T00:00:00,814.0
1201864,ổ cứng HDD Seagate 500GB Expansion Portable (USB 3.0),24.0,26663060.0,2018-10-07T00:00:00,235.0
1201874,ổ cứng HDD Seagate Barracuda 500GB Sata,108.0,106943306.0,2018-10-09T00:00:00,405.0
1201880,"ổ cứng HDD Transcend 500GB M3 + Box 2.5""""",2.0,2190910.0,2018-09-24T00:00:00,371.0
1201885,"ổ cứng HDD Transcend 500GB StoreJet H3+Box 2.5""""",2.0,2190910.0,2018-10-08T00:00:00,371.0
1201895,"""ổ cứng HDD WD 500GB Elements+Box 2.5""""3.0""",182.0,199381843.0,2018-10-09T00:00:00,416.0
1202095,Tai nghe Logitech H150 (Trắng),50.0,13537358.0,2018-10-09T00:00:00,614.0
1202096,Tai nghe Logitech H150 (Xanh),20.0,6054540.0,2018-10-09T00:00:00,540.0
1202154,Tai nghe Microlab K-280,41.0,9583648.0,2018-10-08T00:00:00,166.0
1202155,Tai nghe Microlab K-290,56.0,13722747.0,2018-10-09T00:00:00,347.0
1202370,Tai nghe Soundmax AH 302,27.0,6300007.0,2018-10-09T00:00:00,820.0
1202371,Tai nghe Soundmax AH 304,44.0,11586805.0,2018-10-09T00:00:00,458.0
1202532,Hộc đựng tiền Topcash JJ-330E,8.0,6676364.0,2018-09-25T00:00:00,820.0
1202535,Hộp chia line (2 line),8.0,145456.0,2018-10-08T00:00:00,160.0
1202565,Mực in Brother LC 73BK,6.0,2345454.0,2018-10-09T00:00:00,538.0
1202566,Mực in Brother LC 73C,1.0,254545.0,2018-10-09T00:00:00,277.0
1202567,Mực in Brother LC 73M,2.0,509090.0,2018-10-09T00:00:00,554.0
1202568,Mực in Brother LC 73Y,3.0,763635.0,2018-10-09T00:00:00,831.0
1202577,Mực in Brother TN 2260,3.0,2059090.0,2018-10-01T00:00:00,730.0
1202578,Mực in Brother TN 2280,6.0,6447272.0,2018-10-01T00:00:00,771.0
1202584,Mực in Canon 303,30.0,38310000.0,2018-10-08T00:00:00,288.0
1202589,Mực in Canon 308,6.0,8018182.0,2018-10-07T00:00:00,668.0
1202597,Mực in Canon 325,13.0,15860000.0,2018-10-09T00:00:00,538.0
1202598,Mực in Canon 328,5.0,6750000.0,2018-09-28T00:00:00,799.0
1202618,Mực in Canon CL 741CL,8.0,4000000.0,2018-10-09T00:00:00,324.0
1202619,Mực in Canon CL 811,7.0,3468183.0,2018-10-05T00:00:00,250.0
1202621,Mực in Canon CL 98,10.0,3545452.0,2018-10-04T00:00:00,835.0
1202644,Mực in Canon PG 740BK,12.0,4254541.0,2018-10-07T00:00:00,597.0
1202645,Mực in Canon PG 810,13.0,5002728.0,2018-10-08T00:00:00,106.0
1202648,Mực in Canon PG 88,11.0,3250910.0,2018-10-04T00:00:00,921.0
1202653,Mực in Epson C13T6641,194.0,30628865.0,2018-10-09T00:00:00,670.0
1202654,Mực in Epson C13T6642,95.0,14935021.0,2018-10-09T00:00:00,812.0
1202655,Mực in Epson C13T6643,96.0,15127040.0,2018-10-09T00:00:00,112.0
1202656,Mực in Epson C13T6644,99.0,15596839.0,2018-10-09T00:00:00,726.0
1202657,Mực in Epson C13T673100,43.0,12876373.0,2018-10-08T00:00:00,524.0
1202658,Mực in Epson C13T673200,38.0,11182919.0,2018-10-08T00:00:00,172.0
1202659,Mực in Epson C13T673300,42.0,12380191.0,2018-10-08T00:00:00,770.0
1202660,Mực in Epson C13T673400,41.0,12195645.0,2018-10-08T00:00:00,871.0
1202661,Mực in Epson C13T673500,48.0,14223829.0,2018-10-08T00:00:00,965.0
1202662,Mực in Epson C13T673600,42.0,12493828.0,2018-10-08T00:00:00,390.0
1202705,Mực in Epson T122100,15.0,3354543.0,2018-10-03T00:00:00,627.0
1202706,Mực in Epson T122200,13.0,2907270.0,2018-10-02T00:00:00,341.0
1202707,Mực in Epson T122300,12.0,2683635.0,2018-10-02T00:00:00,704.0
1202708,Mực in Epson T122400,22.0,4919999.0,2018-10-05T00:00:00,115.0
1202709,Mực in Epson T122500,18.0,4025453.0,2018-10-09T00:00:00,552.0
1202710,Mực in Epson T122600,15.0,3354543.0,2018-10-09T00:00:00,627.0
1202758,Mực in HP CB435A,11.0,15900004.0,2018-10-04T00:00:00,182.0
1202773,Mực in HP CD887AA (703),23.0,4580909.0,2018-10-08T00:00:00,49.0
1202774,Mực in HP CD888AA (703),23.0,4580909.0,2018-10-08T00:00:00,49.0
1202780,Mực in HP CE285A,37.0,53438479.0,2018-10-09T00:00:00,830.0
1202781,Mực in HP CE310A,1.0,1054545.0,2018-09-30T00:00:00,140.0
1202782,Mực in HP CE311A,1.0,1171818.0,2018-10-07T00:00:00,369.0
1202783,Mực in HP CE312A,1.0,1171818.0,2018-10-07T00:00:00,369.0
1202785,Mực in HP CE320A,1.0,1454545.0,2018-09-17T00:00:00,576.0
1202786,Mực in HP CE321A,1.0,1386364.0,2018-09-17T00:00:00,1007.0
1202787,Mực in HP CE322A,1.0,1386364.0,2018-09-17T00:00:00,1007.0
1202788,Mực in HP CE323A,1.0,1386364.0,2018-09-17T00:00:00,1007.0
1202790,Mực in HP CE505A,2.0,3780000.0,2018-10-04T00:00:00,286.0
1202791,Mực in HP CF280A,7.0,15317273.0,2018-10-09T00:00:00,653.0
1202792,Mực in HP CH561WA (61),22.0,7127459.0,2018-10-08T00:00:00,892.0
1202793,Mực in HP CH562WA (61),18.0,7363638.0,2018-10-08T00:00:00,965.0
1202794,Mực in HP CN045AA (950XL),9.0,6630910.0,2018-10-04T00:00:00,771.0
1202795,Mực in HP CN046AA (951XL),8.0,4363637.0,2018-10-03T00:00:00,721.0
1202796,Mực in HP CN047AA (951XL),8.0,4363637.0,2018-10-03T00:00:00,721.0
1202797,Mực in HP CN048AA (951XL),9.0,4910910.0,2018-10-03T00:00:00,107.0
1202800,Mực in HP CZ107AA (678),63.0,12588000.0,2018-10-09T00:00:00,725.0
1202801,Mực in HP CZ108AA (678),60.0,12000000.0,2018-10-09T00:00:00,972.0
1202802,Mực in HP CZ121AA (685),14.0,2800000.0,2018-10-02T00:00:00,25.0
1202803,Mực in HP CZ122AA (685),11.0,1610001.0,2018-10-02T00:00:00,646.0
1202804,Mực in HP CZ123AA (685),11.0,1610002.0,2018-10-07T00:00:00,647.0
1202805,Mực in HP CZ124AA (685),12.0,1756366.0,2018-10-02T00:00:00,706.0
1202806,Mực in HP Q2612A,2.0,3323627.0,2018-09-30T00:00:00,990.0
1202854,Mực in Xerox CT 201591,1.0,1208455.0,2018-09-28T00:00:00,682.0
1202903,Bàn phím Dell USB,571.0,82298674.0,2018-10-09T00:00:00,598.0
1202937,Bàn phím Logitech K120,713.0,105228109.0,2018-10-09T00:00:00,508.0
1202938,Bàn phím Logitech K270,109.0,34238851.0,2018-10-09T00:00:00,454.0
1202982,Bàn phím+Chuột máy tính Logitech MK120,604.0,143800296.0,2018-10-09T00:00:00,643.0
1202983,Bàn phím+Chuột máy tính Logitech MK200,261.0,47101374.0,2018-10-09T00:00:00,245.0
1202984,Bàn phím+Chuột máy tính Logitech MK220,40.0,14847869.0,2018-10-09T00:00:00,434.0
1203000,Bàn phím laptop Acer 4736Z/4738G/4752G/4552/4339/4349/4350/4352G/4738/4740/4741/4743G/4745G/3810/3820/3935/EMacchines D440/D442/D443/D528/D529/D640,23.0,4181814.0,2018-10-09T00:00:00,518.0
1203007,Bàn phím laptop Acer 5755/5830T/NV55/NV57/V3-571/V3-551/NV52/E1-532/E-522/E1-530/E1-570/E1-571/E5-571,14.0,5090904.0,2018-10-09T00:00:00,499.0
1203020,Bàn phím laptop Asus K40/X84IJ,7.0,1699089.0,2018-10-03T00:00:00,942.0
1203021,Bàn phím laptop Asus K42/K43/UL30/X42/U45/U45JC/U81/U81A/X45/A40/A42/K84/N43 (Cáp thẳng) (Đen),13.0,2363634.0,2018-10-09T00:00:00,556.0
1203022,Bàn phím laptop Asus K52/U50/G51/G53/G60/G72/G73/UX50 (Đen),8.0,1454544.0,2018-10-04T00:00:00,575.0
1203034,Bàn phím laptop Dell  Inspiron1440,3.0,1344546.0,2018-09-29T00:00:00,558.0
1203035,Bàn phím laptop Dell 1464,1.0,279091.0,2018-10-05T00:00:00,607.0
1203038,Bàn phím laptop Dell 1535/1555/1558/1536/1537/1557/1575/1435,1.0,254545.0,2018-09-28T00:00:00,277.0
1203041,Bàn phím laptop Dell 15R/3521/Inspiron 3437/5437/3537/5521/5537/5421/5521/5535,19.0,4611813.0,2018-10-09T00:00:00,683.0
1203048,Bàn phím laptop Dell A840/1088/1014/1015/1410PP37L,1.0,218182.0,2018-09-19T00:00:00,238.0
1203050,Bàn phím laptop Dell E6400/ E6410,3.0,908181.0,2018-10-02T00:00:00,81.0
1203052,Bàn phím laptop Dell N4110/4050/5050/4349/3520/4040/3460/V131/2420/Vostro 3350/3450/3550/3555/1440/ Inspiron 3437/3420/3520/7420/5437/5520,45.0,8181810.0,2018-10-09T00:00:00,838.0
1203059,Bàn phím laptop HP Probook 4410S/4411S/4415S/4416S,1.0,448182.0,2018-09-23T00:00:00,186.0
1203060,Bàn phím laptop HP Probook 4420S/4421S/4425S/4426S,0.0,0.0,2018-09-27T00:00:00,0.0
1203061,Bàn phím laptop HP PROBOOK 4530S/4535S/4730S,1.0,327273.0,2018-09-18T00:00:00,357.0
1203064,Bàn phím laptop HP 6530S/6730S/6535S/6731S/6735S/510/530/615/515/516/610/511,5.0,1213635.0,2018-10-08T00:00:00,817.0
1203065,Bàn phím laptop HP 8440,1.0,315455.0,2018-09-16T00:00:00,647.0
1203066,Bàn phím laptop HP C700/C727/C729/C730/G7000/G7010/G7020/G7030/G7040,1.0,302727.0,2018-09-17T00:00:00,27.0
1203067,Bàn phím laptop HP CQ40/CQ41/CQ45,1.0,242727.0,2018-09-23T00:00:00,567.0
1203068,Bàn phím laptop HP CQ42/G42,5.0,909090.0,2018-10-04T00:00:00,990.0
1203069,Bàn phím laptop HP CQ60/G60 (Đen),2.0,581818.0,2018-09-22T00:00:00,634.0
1203073,Bàn phím laptop HP DV2000/DV2700/V3000/V3500/V3600/V3700/V3800/V3100,4.0,970908.0,2018-10-04T00:00:00,250.0
1203075,Bàn phím laptop HP DV3-4000,1.0,279091.0,2018-10-08T00:00:00,607.0
1203081,Bàn phím laptop HP DV6 (Đen),0.0,0.0,2018-09-30T00:00:00,0.0
1203098,Bàn phím laptop MAC,1.0,788182.0,2018-10-03T00:00:00,153.0
1203103,Bàn phím laptop Sony CW  (Đen),3.0,799092.0,2018-10-01T00:00:00,973.0
1203105,Bàn phím laptop Sony EA (Đen),2.0,605454.0,2018-09-25T00:00:00,54.0
1203106,Bàn phím laptop Sony EB  (Trắng),1.0,363636.0,2018-10-08T00:00:00,396.0
1203108,Bàn phím laptop Sony EH (Đen),2.0,654546.0,2018-10-01T00:00:00,714.0
1203139,Phần mềm Kaspersky Antivirus 1 máy tính,304.0,48286750.0,2018-10-09T00:00:00,46.0
1203140,Phần mềm Kaspersky Antivirus 3 máy tính,151.0,43662682.0,2018-10-09T00:00:00,225.0
1203141,Phần mềm Kaspersky Internet Security 1 máy tính,1191.0,320073485.0,2018-10-09T00:00:00,523.0
1203142,Phần mềm Kaspersky Internet Security 3 máy tính,276.0,155905270.0,2018-10-09T00:00:00,644.0
1203143,Phần mềm Kaspersky KSOS 1 Server+10PCs,7.0,21350000.0,2018-10-01T00:00:00,569.0
1203144,Phần mềm Kaspersky KSOS 1 Server+5PCs,7.0,16100000.0,2018-10-08T00:00:00,396.0
1203145,Keo giải nhiệt,108.0,756236.0,2018-10-09T00:00:00,495.0
1203164,Khóa laptop CP 1300,8.0,1443638.0,2018-10-08T00:00:00,768.0
1203196,Kiềm RJ 45+RJ 11 (HT 568),16.0,5600000.0,2018-10-05T00:00:00,50.0
1203197,Kiềm RJ 45+RJ 11 Dintek,12.0,4546271.0,2018-10-09T00:00:00,726.0
1203288,Màn hình LCD Dell 24'' U2412M,8.0,32384910.0,2018-10-08T00:00:00,46.0
1203382,"""LCD laptop 14.1"""" WX""",2.0,2181818.0,2018-10-09T00:00:00,360.0
1203386,"""LCD laptop 15.4"""" WX""",2.0,2060000.0,2018-10-05T00:00:00,631.0
1203388,"""LCD laptop 15.6"""" WX""",0.0,0.0,2018-10-08T00:00:00,0.0
1203392,"""LCD laptop 16.4"""" WX""",1.0,2060909.0,2018-09-12T00:00:00,531.0
1203408,Thiết bị mạng Linksys E1200 Wireless,27.0,17127279.0,2018-10-08T00:00:00,513.0
1203411,Thiết bị mạng Linksys E2500 Wireless,11.0,14635861.0,2018-10-03T00:00:00,316.0
1203460,Loa Bose Companion 20,3.0,16633635.0,2018-10-07T00:00:00,270.0
1203525,Loa Logitech Z120,13.0,2661819.0,2018-10-04T00:00:00,77.0
1203527,Loa Logitech Z313 (2.1),4.0,2603636.0,2018-10-03T00:00:00,416.0
1203530,Loa Logitech Z506 (5.1),1.0,1963636.0,2018-09-21T00:00:00,122.0
1203533,Loa Logitech Z906 (5.1),4.0,25454544.0,2018-10-04T00:00:00,501.0
1203534,Loa Microlab FC330 (2.1),7.0,8164548.0,2018-10-07T00:00:00,729.0
1203535,Loa Microlab FC361 (2.1),8.0,11456645.0,2018-10-05T00:00:00,459.0
1203537,Loa Microlab FC530U (2.1),3.0,4969092.0,2018-10-08T00:00:00,776.0
1203540,Loa Microlab FC362 (2.1),6.0,9938184.0,2018-10-04T00:00:00,543.0
1203542,Loa Microlab FC730 (5.1),2.0,4647272.0,2018-09-29T00:00:00,827.0
1203545,Loa Microlab M109 (2.1),74.0,30850920.0,2018-10-09T00:00:00,745.0
1203548,Loa Microlab M200 (2.1),17.0,13532432.0,2018-10-09T00:00:00,733.0
1203591,Loa Soundmax A150 (2.0),98.0,24165001.0,2018-10-09T00:00:00,460.0
1203592,Loa Soundmax A2100 (2.1),24.0,22589991.0,2018-10-09T00:00:00,499.0
1203596,Loa Soundmax A2700 (2.1),10.0,10163637.0,2018-10-09T00:00:00,989.0
1203601,Loa Soundmax A820 (2.1),46.0,24434712.0,2018-10-09T00:00:00,768.0
1203783,Thiết bị trình chiếu Logitech R400,241.0,151163205.0,2018-10-09T00:00:00,879.0
1203784,Thiết bị trình chiếu Logitech R800,26.0,34680447.0,2018-10-09T00:00:00,108.0
1204070,Miếng dán màn hình Plastic tự dính (Trên 10 inches),250.0,33590986.0,2018-10-09T00:00:00,367.0
1204072,Miếng dán màn hình Plastic tự dính (7.1-10 ''),2.0,218182.0,2018-10-09T00:00:00,238.0
1204075,Miếng dán Điện thoại (Blank Flim trong),1.0,36364.0,2018-10-09T00:00:00,40.0
1204077,Miếng dán Điện thoại Smartphone (Plastic tự dính),2.0,145454.0,2018-09-23T00:00:00,158.0
1204098,Chuột máy tính A4-N70FX.1,98.0,13303474.0,2018-10-09T00:00:00,818.0
1204102,Chuột máy tính A4-N320.1,1.0,110455.0,2018-09-25T00:00:00,474.0
1204103,Chuột máy tính A4-N320.2,1.0,122727.0,2018-09-21T00:00:00,638.0
1204106,Chuột máy tính A4-N360.2 (Đỏ đen),68.0,7627256.0,2018-10-04T00:00:00,225.0
1204233,Chuột máy tính Dell,574.0,53347879.0,2018-10-09T00:00:00,31.0
1204431,Chuột máy tính Logitech B100,1493.0,99545877.0,2018-10-09T00:00:00,964.0
1204439,Chuột máy tính Logitech B175 (Đen),1392.0,190532602.0,2018-10-09T00:00:00,105.0
1204447,Chuột máy tính Logitech M185 (Xanh),117.0,29790829.0,2018-10-09T00:00:00,104.0
1204448,Chuột máy tính Logitech M185 (Xám),21.0,4538904.0,2018-10-02T00:00:00,422.0
1204449,Chuột máy tính Logitech M185 (Đỏ),102.0,22838111.0,2018-10-09T00:00:00,405.0
1204451,Chuột máy tính Logitech M187 (Trắng),15.0,3823859.0,2018-10-08T00:00:00,758.0
1204452,Chuột máy tính Logitech M187 (Đen),39.0,10216985.0,2018-10-09T00:00:00,860.0
1204453,Chuột máy tính Logitech M187 (Đỏ),14.0,3462723.0,2018-10-08T00:00:00,844.0
1204495,Chuột máy tính Mitsumi 6603,392.0,48470501.0,2018-10-09T00:00:00,159.0
1204496,Chuột máy tính Mitsumi 6703,365.0,38938903.0,2018-10-09T00:00:00,584.0
1204497,Miếng lót chuột,742.0,4394588.0,2018-10-09T00:00:00,393.0
1204589,"""Màn chiếu chân Apollo 70""""x70""""""",16.0,11531821.0,2018-10-09T00:00:00,969.0
1204590,"""Màn chiếu chân Apollo 84""""x84""""""",1.0,1227273.0,2018-09-25T00:00:00,329.0
1204591,"""Màn chiếu chân Apollo 96""""x96""""""",1.0,1503000.0,2018-10-04T00:00:00,599.0
1204596,"""Màn chiếu treo Apollo 70""""x70""""""",18.0,12267090.0,2018-10-09T00:00:00,677.0
1204598,"""Màn chiếu treo Apollo 84""""x84""""""",5.0,5443636.0,2018-10-09T00:00:00,81.0
1204599,"""Màn chiếu treo Apollo 96""""x96""""""",2.0,2689545.0,2018-10-03T00:00:00,560.0
1204605,"""Màn chiếu điện tử Apollo 70""""x70""""""",5.0,7929092.0,2018-10-05T00:00:00,370.0
1204607,"""Màn chiếu điện tử Apollo 84""""x 84""""""",4.0,7527272.0,2018-09-12T00:00:00,132.0
1204608,"""Màn chiếu điện tử Apollo 96""""x 96""""""",4.0,8363636.0,2018-10-01T00:00:00,35.0
1204617,Máy Panasonic KX-T7730,11.0,10446365.0,2018-10-08T00:00:00,188.0
1204696,Máy fax Panasonic KX-FL422,2.0,8114545.0,2018-10-02T00:00:00,167.0
1204699,Máy fax Panasonic KX-FP701,10.0,23373636.0,2018-10-08T00:00:00,151.0
1204701,Máy fax Panasonic KX-FT983,9.0,19072616.0,2018-10-08T00:00:00,498.0
1204718,Máy hủy giấy Bingo C30,4.0,13576362.0,2018-10-07T00:00:00,267.0
1204720,Máy hủy giấy Bingo C35,3.0,13051817.0,2018-09-27T00:00:00,402.0
1204723,Máy hủy giấy Bosser 180X Gold,2.0,5041364.0,2018-09-27T00:00:00,400.0
1204725,Máy hủy giấy Bosser 220X,6.0,22366106.0,2018-10-08T00:00:00,612.0
1204745,Máy hủy giấy Silicon PS-508M,8.0,14147636.0,2018-10-09T00:00:00,447.0
1204746,Máy hủy giấy Silicon PS-620C,3.0,9589091.0,2018-10-09T00:00:00,564.0
1204747,Máy hủy giấy Silicon PS-800C,14.0,26501032.0,2018-10-09T00:00:00,656.0
1204784,Máy in Canon AIO MF3010 AE,20.0,60666362.0,2018-10-09T00:00:00,237.0
1204794,Máy in Canon LBP 2900,262.0,695031800.0,2018-10-09T00:00:00,312.0
1204923,Máy in nhiệt Topcash AL-580,5.0,6000000.0,2018-10-07T00:00:00,486.0
1204936,Máy quét mã vạch LV908P,5.0,7597272.0,2018-10-02T00:00:00,511.0
1205155,Máy quét mã vạch Honeywell (Metrologic) 1250G USB,8.0,15960226.0,2018-10-08T00:00:00,873.0
1205286,Mực fax Panasonic KX-FA57,17.0,927272.0,2018-10-09T00:00:00,1.0
1205287,Mực fax Panasonic KX-FA83,1.0,136364.0,2018-09-16T00:00:00,149.0
1205289,Drum fax Panasonic KX-FAD412,1.0,1277273.0,2018-10-03T00:00:00,888.0
1205297,Mực nạp Tirex 88E,1.0,90909.0,2018-10-05T00:00:00,99.0
1206495,Tản nhiệt/ Fan laptop CM C3,10.0,1878181.0,2018-10-07T00:00:00,432.0
1206505,Tản nhiệt/ Fan laptop CM I100  (Đen),32.0,9966308.0,2018-10-09T00:00:00,415.0
1206509,Tản nhiệt/ Fan laptop CM L1,76.0,18750504.0,2018-10-07T00:00:00,257.0
1206519,Tản nhiệt/ Fan laptop CM X Slim,29.0,9339955.0,2018-10-09T00:00:00,651.0
1206836,Phí dịch vụ giao hàng bảo hành tận nơi,52.0,5109091.0,2018-10-09T00:00:00,524.0
1206838,Phí dịch vụ giao hàng tận nơi,7505.0,24194561.0,2018-10-09T00:00:00,759.0
1206839,"Phí dịch vụ kỹ thuật (tổng đài ,mạng , máy chiếu , màn chiếu",82.0,21491806.0,2018-10-09T00:00:00,106.0
1206840,Dịch vụ giao hàng tại phòng Kỹ thuật,-1.0,-636364.0,2018-09-19T00:00:00,-694.0
1206842,Pin Cmos,764.0,3329962.0,2018-10-09T00:00:00,262.0
1206856,Pin dùng cho laptop Acer 4710 (6cell),1.0,460909.0,2018-09-16T00:00:00,805.0
1206857,Pin dùng cho laptop Acer 4741 (6cell),30.0,13827270.0,2018-10-09T00:00:00,943.0
1206858,Pin dùng cho laptop Acer 4745 (6cell),1.0,484545.0,2018-09-22T00:00:00,225.0
1206863,Pin dùng cho laptop Acer 5570 (6cell),1.0,460909.0,2018-09-28T00:00:00,805.0
1206868,Pin dùng cho laptop Acer D255 (6 cell),1.0,497273.0,2018-09-16T00:00:00,845.0
1206881,Pin dùng cho laptop Asus A32-K52 (6cell),5.0,2422725.0,2018-10-09T00:00:00,116.0
1206882,Pin dùng cho laptop Asus A32-K53/K43 (6cell),19.0,9672729.0,2018-10-07T00:00:00,455.0
1206883,Pin dùng cho laptop Asus A32-M50 (6cell),1.0,520909.0,2018-09-27T00:00:00,265.0
1206889,Pin dùng cho laptop Asus A32-F82 (6cell),3.0,1453635.0,2018-09-26T00:00:00,675.0
1206906,Pin dùng cho laptop Dell 1310 (6cell),2.0,969090.0,2018-09-29T00:00:00,450.0
1206918,Pin dùng cho laptop Dell 1464 (6cell),2.0,1067272.0,2018-09-21T00:00:00,759.0
1206919,Pin dùng cho laptop Dell 14R (6cell),106.0,46232764.0,2018-10-09T00:00:00,384.0
1206922,Pin dùng cho laptop Dell Insprison 1520 (6 cell),1.0,509091.0,2018-09-12T00:00:00,555.0
1206924,Pin dùng cho laptop Dell 1525 (6cell),3.0,1382727.0,2018-10-09T00:00:00,397.0
1206939,Pin dùng cho laptop Dell A840 (6cell),1.0,533636.0,2018-09-26T00:00:00,884.0
1206953,Pin dùng cho laptop Dell E6400 (6cell),2.0,945454.0,2018-09-29T00:00:00,21.0
1206954,Pin dùng cho laptop Dell E6420 (6cell),20.0,12600000.0,2018-10-08T00:00:00,617.0
1206959,Pin dùng cho laptop Dell N4030 (6cell),6.0,2907270.0,2018-10-01T00:00:00,341.0
1206960,Pin dùng cho laptop Dell 3400 (6cell),2.0,969090.0,2018-10-08T00:00:00,450.0
1206971,Pin dùng cho laptop HP 4330s/4430s (6cell),11.0,5773634.0,2018-10-09T00:00:00,136.0
1206972,Pin dùng cho laptop HP 4410s (6cell),1.0,484545.0,2018-10-02T00:00:00,225.0
1206979,Pin dùng cho laptop HP 6520 (6cell),1.0,484545.0,2018-10-03T00:00:00,225.0
1206989,Pin dùng cho laptop HP CQ42 (6cell),42.0,19351814.0,2018-10-09T00:00:00,203.0
1206991,Pin dùng cho laptop HP DM3 (6cell),0.0,0.0,2018-09-12T00:00:00,0.0
1206996,Pin dùng cho laptop HP DV2000 (6cell),1.0,460909.0,2018-10-09T00:00:00,805.0
1207001,Pin dùng cho laptop HP DV4 (6cell),10.0,4609090.0,2018-10-09T00:00:00,987.0
1207020,Pin dùng cho laptop Lenovo X200 (6cell),1.0,509091.0,2018-09-24T00:00:00,555.0
1207029,Pin dùng cho laptop Lenovo G460 (6cell),1.0,484545.0,2018-09-30T00:00:00,225.0
1207032,Pin dùng cho laptop Lenovo SL410 (6cell),1.0,533636.0,2018-09-23T00:00:00,884.0
1207044,Pin dùng cho laptop Samsung R428 (6cell),1.0,509091.0,2018-10-05T00:00:00,555.0
1207049,Pin dùng cho laptop Sony Bps13A Đen (6cell),4.0,2810908.0,2018-10-07T00:00:00,843.0
1207052,Pin dùng cho laptop Sony Bps22 (6cell),2.0,1405454.0,2018-09-13T00:00:00,926.0
1207053,Pin dùng cho laptop Sony Bps26 (6cell),18.0,12578814.0,2018-10-08T00:00:00,620.0
1207057,Pin dùng cho laptop Sony Bps9 (6cell) (Bạc),1.0,702727.0,2018-09-19T00:00:00,463.0
1207066,Pin dùng cho laptop Toshiba 3534U (6cell),1.0,460909.0,2018-09-11T00:00:00,805.0
1207071,Pin dùng cho laptop Toshiba 3634U (6cell),2.0,921818.0,2018-10-04T00:00:00,601.0
1207075,Pin dùng cho laptop Toshiba PA3399U-2BRS (6cell),1.0,460909.0,2018-09-11T00:00:00,805.0
1207091,Nguồn/ Power Arrow 500W 24P (12cm),154.0,43814534.0,2018-10-09T00:00:00,727.0
1207092,Nguồn/ Power Arrow 500W 24P (8 cm),46.0,10942717.0,2018-10-09T00:00:00,112.0
1207093,Nguồn/ Power Arrow 550W 24P (12cm),23.0,7207272.0,2018-10-07T00:00:00,994.0
1207095,Nguồn/ Power Arrow 650W 24P (12cm),43.0,17467275.0,2018-10-09T00:00:00,476.0
1207103,Nguồn/ Power Acbel 400W CE2,2.0,1090000.0,2018-10-02T00:00:00,280.0
1207104,Nguồn/ Power Acbel 450W I G450,77.0,53942463.0,2018-10-09T00:00:00,314.0
1207107,Nguồn/ Power Acbel 500W I G500,103.0,83342018.0,2018-10-08T00:00:00,636.0
1207109,Nguồn/ Power Acbel 470W E2 Plus,73.0,47745687.0,2018-10-09T00:00:00,816.0
1207111,Nguồn/ Power Acbel 550W I G550,63.0,62316949.0,2018-10-09T00:00:00,100.0
1207113,Nguồn/ Power Acbel 510W E2 Plus,41.0,32477390.0,2018-10-09T00:00:00,707.0
1207117,Nguồn/ Power Acbel 600W I G600,31.0,33663642.0,2018-10-07T00:00:00,375.0
1207128,Nguồn/ Power CM 350W Elite,76.0,34360440.0,2018-10-09T00:00:00,963.0
1207131,Nguồn/ Power CM 400W Elite,157.0,96829467.0,2018-10-09T00:00:00,782.0
1207133,Nguồn/ Power CM 460W Elite,76.0,50435452.0,2018-10-09T00:00:00,587.0
1207214,Card đọc thẻ nhớ Apacer 45.1 AM404,37.0,7361818.0,2018-10-09T00:00:00,154.0
1207235,Card đọc thẻ nhớ SSK 0712-M025,78.0,9838684.0,2018-10-09T00:00:00,934.0
1207236,Card đọc thẻ nhớ Transcend 2.0 (RDP8),27.0,6700914.0,2018-10-09T00:00:00,145.0
1207237,Card đọc thẻ nhớ Transcend 3.0 (RDF8),24.0,7383634.0,2018-10-09T00:00:00,781.0
1207241,Ruy băng Epson ERC 38(B/R),3.0,218181.0,2018-10-05T00:00:00,237.0
1207242,Ruy băng Epson ERC 38B,25.0,1590910.0,2018-10-09T00:00:00,726.0
1207245,Ruy băng Epson S015506 ,134.0,13066361.0,2018-10-09T00:00:00,820.0
1207248,Ruy băng Epson S015531 ,13.0,4609090.0,2018-10-05T00:00:00,987.0
1207297,Thiết bị mạng/ Switch D-Link 16P DES 1016D,15.0,10376364.0,2018-10-09T00:00:00,817.0
1207310,Thiết bị mạng/ Switch D-Link 24P DES 1024D,18.0,15046364.0,2018-10-09T00:00:00,156.0
1207323,Thiết bị mạng/ Switch Cisco 24P SRW224G4-K9 ,2.0,7307272.0,2018-10-01T00:00:00,94.0
1207341,Thiết bị mạng/ Switch D-Link 8P DGS 1008A,19.0,10453176.0,2018-10-08T00:00:00,945.0
1207394,Sạc Soundmax Adaptor,1.0,65455.0,2018-09-27T00:00:00,879.0
1207407,Sửa Bios,2.0,818181.0,2018-10-07T00:00:00,891.0
1207408,Sửa 1 Bản Lề,96.0,21818208.0,2018-10-09T00:00:00,601.0
1207410,Sửa Cáp LCD,9.0,3272724.0,2018-09-30T00:00:00,537.0
1207414,Sửa Mouse,8.0,2818179.0,2018-10-08T00:00:00,42.0
1207418,Thiết bị mạng/ Router TPLink WN781ND,79.0,11592838.0,2018-10-09T00:00:00,437.0
1207434,Thiết bị kiểm tra cable,28.0,3268172.0,2018-10-09T00:00:00,21.0
1207436,Thay CPU,2.0,2181818.0,2018-10-09T00:00:00,360.0
1207438,Thay Cáp LCD,21.0,13590915.0,2018-10-09T00:00:00,694.0
1207446,Thay Chíp Sound,10.0,4681815.0,2018-10-07T00:00:00,55.0
1207452,Thay Fan,44.0,22681822.0,2018-10-09T00:00:00,511.0
1207455,Thay Jack nguồn,23.0,9999991.0,2018-10-09T00:00:00,801.0
1207461,Thay Mainboard,54.0,151909090.0,2018-10-08T00:00:00,104.0
1207469,Thay nguồn,39.0,36272732.0,2018-10-09T00:00:00,191.0
1207479,Thay nguồn Macbook,6.0,7636362.0,2018-09-30T00:00:00,250.0
1207488,Thay VGA,8.0,10181818.0,2018-10-04T00:00:00,1008.0
1207501,Thay Vỏ Laptop,5.0,8363635.0,2018-10-07T00:00:00,34.0
1207502,Thay Wifi Laptop,8.0,3318182.0,2018-10-03T00:00:00,590.0
1207641,Thẻ chấm công (100 cái),4.0,254545.0,2018-10-03T00:00:00,277.0
1207651,Thẻ cào Mobi 100.000,1213.0,96565355.0,2018-10-09T00:00:00,19.0
1207652,Thẻ cào Mobi 20.000,150.0,2726387.0,2018-10-09T00:00:00,69.0
1207653,Thẻ cào Mobi 200.000,522.0,43455225.0,2018-10-09T00:00:00,622.0
1207654,Thẻ cào Mobi 300.000,110.0,29206062.0,2018-10-09T00:00:00,557.0
1207655,Thẻ cào Mobi 50.000,1119.0,15568198.0,2018-10-09T00:00:00,337.0
1207656,Thẻ cào Mobi 500.000,77.0,34064633.0,2018-10-09T00:00:00,793.0
1207657,Thẻ cảm ứng 125Khz 1.88mm,350.0,5545381.0,2018-10-08T00:00:00,926.0
1207679,Tổng đài Panasonic KX-TES 824,4.0,15840000.0,2018-09-27T00:00:00,718.0
1207881,Túi đệm 10'',8.0,363640.0,2018-10-07T00:00:00,400.0
1207882,Túi đệm 12'',51.0,2769978.0,2018-10-09T00:00:00,273.0
1207883,"""Túi đệm 13"""" (I)""",50.0,5890009.0,2018-10-09T00:00:00,476.0
1207884,Túi đệm 13'',214.0,11417190.0,2018-10-09T00:00:00,355.0
1207885,"Túi đệm 14""""",455.0,24273583.0,2018-10-09T00:00:00,70.0
1207886,"""Túi đệm 14"""" (I)""",48.0,6379105.0,2018-10-09T00:00:00,207.0
1207888,Túi đệm 15'',722.0,38910546.0,2018-10-09T00:00:00,479.0
1207889,Túi đệm 15'' (I),60.0,9182701.0,2018-10-09T00:00:00,801.0
1207890,"Túi đệm 17""""",39.0,2826354.0,2018-10-08T00:00:00,145.0
1207993,Túi đựng laptop 14'',97.0,54545.0,2018-10-09T00:00:00,59.0
1207994,Túi đựng laptop 15'',1523.0,0.0,2018-10-09T00:00:00,0.0
1208030,Bộ lưu điện/ UPS Santak 1000TG,79.0,179936819.0,2018-10-09T00:00:00,840.0
1208031,Bộ lưu điện/ UPS Santak 500TG,203.0,189400574.0,2018-10-09T00:00:00,175.0
1208039,Bộ lưu điện/ UPS Santak C1K Online,3.0,22650000.0,2018-10-02T00:00:00,977.0
1208055,ổ cứng di động/ USB Apacer 16GB AH223,55.0,6481825.0,2018-10-08T00:00:00,9.0
1208059,ổ cứng di động/ USB Apacer 16GB AH350,50.0,6795466.0,2018-10-09T00:00:00,860.0
1208065,ổ cứng di động/ USB HP 16GB V210W,2.0,376364.0,2018-09-15T00:00:00,7.0
1208068,ổ cứng di động/ USB HP 16GB V245O,1.0,196364.0,2018-10-04T00:00:00,618.0
1208095,ổ cứng di động/ USB PNY 16GB Hook (2.0) (Bạc),2.0,541818.0,2018-10-08T00:00:00,994.0
1208122,ổ cứng di động/ USB Apacer 32GB AH223,18.0,3259998.0,2018-10-08T00:00:00,928.0
1208124,ổ cứng di động/ USB Apacer 32GB AH350,13.0,2836366.0,2018-10-09T00:00:00,67.0
1208148,ổ cứng di động/ USB Transcend 32GB JF700 ,48.0,11655472.0,2018-10-08T00:00:00,513.0
1208388,Thiết Bị kết nối 3G D-link DWM 156,125.0,51694359.0,2018-10-09T00:00:00,262.0
1208553,Vệ sinh máy,149.0,20272780.0,2018-10-09T00:00:00,961.0
1208603,Thiết bị ghi hình/ Webcam Colovis ND80,26.0,4609097.0,2018-10-07T00:00:00,994.0
1208607,Thiết bị ghi hình/ Webcam Logitech C170,26.0,10734635.0,2018-10-05T00:00:00,893.0
1208649,Điện thoại bàn AS 7101 (Trắng),8.0,1165455.0,2018-10-03T00:00:00,60.0
1208651,Điện thoại bàn AS 7101 (Đen),5.0,732728.0,2018-10-03T00:00:00,194.0
1208742,Điện thoại bàn NP 1404  (Trắng),6.0,1505454.0,2018-10-03T00:00:00,26.0
1208743,Điện thoại bàn NP 1404 (Đen),7.0,1756363.0,2018-10-09T00:00:00,703.0
1208803,Điện thoại bàn Panasonic KX TS500  (Trắng),65.0,14620903.0,2018-10-09T00:00:00,493.0
1208804,Điện thoại bàn Panasonic KX TS500 (Xanh),36.0,7533408.0,2018-10-09T00:00:00,214.0
1208805,Điện thoại bàn Panasonic KX TS500  (Xám),60.0,13373638.0,2018-10-09T00:00:00,352.0
1208806,Điện thoại bàn Panasonic KX TS500 (Đen),111.0,24930005.0,2018-10-09T00:00:00,642.0
1208807,Điện thoại bàn Panasonic KX TS500  (Đỏ),53.0,11933642.0,2018-10-09T00:00:00,199.0
1208809,Điện thoại bàn Panasonic KX TS520  (Trắng),2.0,616364.0,2018-10-09T00:00:00,874.0
1208812,Điện thoại bàn Panasonic KX TS520 (Đen),12.0,3698184.0,2018-10-05T00:00:00,199.0
1208818,Điện thoại bàn Panasonic KX TS560 (Đen),14.0,7373453.0,2018-10-09T00:00:00,690.0
1208821,Điện thoại bàn Panasonic KX TS580  (Trắng),7.0,4698273.0,2018-10-02T00:00:00,369.0
1208824,Điện thoại bàn Panasonic KX TS580 (Đen),2.0,1308182.0,2018-10-01T00:00:00,518.0
1208827,Điện thoại bàn Panasonic KX TS820  (Trắng),7.0,2672727.0,2018-10-08T00:00:00,895.0
1208828,Điện thoại bàn Panasonic KX TS820 (Đen),7.0,2617363.0,2018-10-04T00:00:00,17.0
1208829,Điện thoại bàn Panasonic KX TS880 (đen),3.0,2479092.0,2018-10-04T00:00:00,988.0
1208830,Điện thoại bàn Panasonic KX TS880  (Trắng),8.0,6510502.0,2018-10-09T00:00:00,434.0
1208833,Điện thoại bàn Panasonic KX TSC11  (Trắng),38.0,17427272.0,2018-10-08T00:00:00,833.0
1208834,Điện thoại bàn Panasonic KX TSC11 (Đen),31.0,14210912.0,2018-10-08T00:00:00,156.0
1209308,Đầu BNC,545.0,881817.0,2018-10-09T00:00:00,960.0
1209310,Đầu RJ 45,1534.0,1378191.0,2018-10-09T00:00:00,906.0
1209311,Đầu RJ 45 (AMP) CommScope,1687.0,9201776.0,2018-10-09T00:00:00,705.0
1209312,Đầu RJ 11,1127.0,1022744.0,2018-10-09T00:00:00,627.0
1209313,Đầu chuyển 2 -> 3 chấu,93.0,1058197.0,2018-10-09T00:00:00,765.0
1209314,Đầu chuyển DVI --> VGA,101.0,2973624.0,2018-10-09T00:00:00,101.0
1209315,Đầu chụp RJ 45,343.0,310013.0,2018-10-08T00:00:00,250.0
1209327,Đầu nối Cable RJ 45 (1-->1),208.0,945441.0,2018-10-08T00:00:00,8.0
1209328,Đầu nối Cable RJ 45 (1-->2),28.0,152734.0,2018-10-05T00:00:00,375.0
1209423,Sửa Jack Nguồn/ Power,19.0,6090903.0,2018-10-05T00:00:00,579.0
1209424,Sửa Nút Nguồn/ Power,20.0,5818176.0,2018-09-30T00:00:00,282.0
1209425,Thay Chip Sạc,20.0,9363629.0,2018-10-09T00:00:00,109.0
1209426,Bàn phím laptop Dell  Vostro1340,1.0,279091.0,2018-09-19T00:00:00,607.0
1209430,Thay Loa,59.0,33863637.0,2018-10-09T00:00:00,588.0
1209432,Sửa Nguồn/ Power Fan,1.0,409091.0,2018-10-08T00:00:00,446.0
1209445,Thay Bo cao áp,4.0,2000000.0,2018-10-03T00:00:00,162.0
1209451,Bàn phím laptop Acer 4830T/4755/3830/3480/MS2317/NV47/V-471/E1-430/E1-432/E1-470/E1-422/E1-410 (Đen),7.0,2545452.0,2018-10-08T00:00:00,754.0
1209452,Giấy HP Glossy photo 10X15 (CG851A),10.0,763638.0,2018-10-09T00:00:00,834.0
1209465,Pin sạc Energizer 700mAh (AAA),26.0,3490908.0,2018-10-05T00:00:00,777.0
1209476,LCD laptop 14.0'' WX02 Led slim,1.0,1818182.0,2018-09-27T00:00:00,973.0
1209507,Sửa Cổng USB,7.0,3363635.0,2018-10-08T00:00:00,638.0
1209621,Chuột máy tính Logitech M105 (Đen),374.0,38594744.0,2018-10-09T00:00:00,494.0
1209622,Chuột máy tính Logitech M105 (Đỏ),119.0,12305598.0,2018-10-09T00:00:00,843.0
1209623,Chuột máy tính Logitech M105 (Trắng),109.0,11175293.0,2018-10-09T00:00:00,618.0
1209624,ổ cứng HDD WD 500GB-5003AZEX (Đen),7.0,10945452.0,2018-10-08T00:00:00,829.0
1209632,USB Wifi thu sóng ToToLink N150USM,264.0,28094649.0,2018-10-09T00:00:00,53.0
1209634,Thiết bị mạng/ Switch ToToLink 5P S505,103.0,11863670.0,2018-10-09T00:00:00,857.0
1209660,Bàn phím laptop Sony EG (Đen),1.0,545455.0,2018-10-07T00:00:00,595.0
1209665,Máy in nhiệt Topcash LV-800N,6.0,12876364.0,2018-10-05T00:00:00,515.0
1209671,Bộ cấp nguồn/ Adaptor Acer 19V-2.15A,5.0,1213635.0,2018-10-03T00:00:00,817.0
1209672,Chuột máy tính A4-G3 280A.1,150.0,22889233.0,2018-10-09T00:00:00,68.0
1209687,Bàn phím laptop HP G4/CQ43/CQ430/G6/630/CQ57/CQ65/430/431/435/630/631/635/636/450/455/650/655/2000,16.0,2909088.0,2018-10-09T00:00:00,141.0
1209724,Bàn phím laptop Dell V3300/V3400/3500,0.0,0.0,2018-10-05T00:00:00,0.0
1209739,Thẻ nhớ SDHC Sandisk 16GB (class 10) Ultra,92.0,13690552.0,2018-10-09T00:00:00,440.0
1300007,Bộ cấp nguồn/ Adaptor Acbel ADD007 65W,200.0,69090997.0,2018-10-09T00:00:00,731.0
1300009,Bộ cấp nguồn/ Adaptor Acbel AD009 90W,52.0,25054537.0,2018-10-09T00:00:00,58.0
1300041,Bàn phím laptop HP G61/CQ61,1.0,290909.0,2018-10-01T00:00:00,317.0
1300070,Cáp USB máy in Unitek YC420 (3m),33.0,1835003.0,2018-10-08T00:00:00,641.0
1300071,Cáp USB máy in Unitek YC421(5m),1.0,72727.0,2018-09-14T00:00:00,79.0
1300108,Bàn phím laptop Lenovo G470/B470/G475/V470,3.0,545454.0,2018-10-05T00:00:00,594.0
1300120,Loa Microlab X-2 (2.1),6.0,6818181.0,2018-10-05T00:00:00,368.0
1300124,Loa Microlab Solo 5C (2.0),2.0,4376364.0,2018-10-09T00:00:00,331.0
1300125,Loa Microlab Solo 6C (2.0),5.0,12190910.0,2018-10-01T00:00:00,172.0
1300178,ổ đĩa DVD WR laptop Sata Slim,2.0,1527272.0,2018-09-25T00:00:00,655.0
1300195,Thay Chip IO Bàn phím,10.0,4454542.0,2018-10-03T00:00:00,816.0
1300207,Bàn phím laptop Asus X44H/X43/X43S/X44/X44C,3.0,1066363.0,2018-10-04T00:00:00,859.0
1300257,Thay Webcam Laptop,1.0,363636.0,2018-09-29T00:00:00,396.0
1300268,Thay Chuột Laptop,1.0,636364.0,2018-10-02T00:00:00,694.0
1300324,Cáp loa (1-->1) DT6221 (3m),35.0,1244548.0,2018-10-07T00:00:00,451.0
1300341,Điện thoại bàn NP 1405  (Đỏ),6.0,1374546.0,2018-10-07T00:00:00,288.0
1300342,Điện thoại bàn NP 1405 (Đen),8.0,1832728.0,2018-10-09T00:00:00,384.0
1300343,Điện thoại bàn NP 1405  (Bạc),4.0,891818.0,2018-10-09T00:00:00,871.0
1300377,Máy fax Brother 2840,4.0,16327272.0,2018-10-05T00:00:00,643.0
1300395,"""LCD laptop 13.3"""" WX Led slim V13""",1.0,1454545.0,2018-09-17T00:00:00,576.0
1300396,Bàn phím laptop Asus K53/X53U/X55U (Cáp thẳng),1.0,266364.0,2018-10-01T00:00:00,997.0
1300420,Cáp RJ11 4C,303.0,1651045.0,2018-10-08T00:00:00,321.0
1300429,Mực in Canon 326,10.0,13181818.0,2018-10-08T00:00:00,242.0
1300471,Bàn phím laptop Asus 1015AH/X101H/1025 (Trắng đen),1.0,290909.0,2018-09-15T00:00:00,317.0
1300589,Thiết bị mạng D-Link DWA 123 USB,157.0,23915402.0,2018-10-09T00:00:00,84.0
1300752,Điện thoại bàn Panasonic KX TS840 (Đen),3.0,1660908.0,2018-10-04T00:00:00,94.0
1300886,Miếng dán Combo (Plastis tự dính+Blank film trong) (Trên 10 inches),926.0,232011481.0,2018-10-09T00:00:00,3.0
1300888,Miếng dán Combo (Plastis tự dính+Pix film hình) (Trên 10 inches),20.0,4858176.0,2018-10-07T00:00:00,850.0
1300898,Bàn phím laptop Toshiba C855/C850/P855/L850/L855/L870,2.0,521818.0,2018-09-28T00:00:00,165.0
1301019,Bàn phím laptop Sony F119,1.0,388182.0,2018-09-29T00:00:00,726.0
1301100,Chùi Q5,85.0,2687260.0,2018-10-09T00:00:00,293.0
1301118,Bàn phím laptop Dell E4300/E4310,1.0,290909.0,2018-09-25T00:00:00,317.0
1301129,Bàn phím Genius 110X USB,790.0,77962236.0,2018-10-09T00:00:00,842.0
1301135,Chuột máy tính A4-OP720U usb,186.0,10883054.0,2018-10-09T00:00:00,989.0
1301160,Chuột máy tính Newmen M180,151.0,9219631.0,2018-10-09T00:00:00,398.0
1301165,Chuột máy tính  Newmen F266  (Light Coffee),74.0,10182731.0,2018-10-07T00:00:00,912.0
1301199,Bàn phím laptop HP 4330S/4430S/4431S/4435S/4436S,1.0,302727.0,2018-09-23T00:00:00,27.0
1301251,Loa Microlab B51 (2.0) (Đen),63.0,14262284.0,2018-10-09T00:00:00,69.0
1301265,Tai nghe Philips SHE 2000,3.0,351819.0,2018-10-05T00:00:00,687.0
1301266,Tai nghe Philips SHE 2001,4.0,458537.0,2018-10-01T00:00:00,451.0
1301304,Dây điện Cadivi VCMD 2x16 (mét),456.0,807273.0,2018-10-03T00:00:00,73.0
1301324,Tủ chứa thiết bị 9U VRW09,2.0,3763636.0,2018-10-09T00:00:00,66.0
1301341,Nguồn / Power Corsair VS450 - 80 Plus White,181.0,140226647.0,2018-10-09T00:00:00,872.0
1301401,Miếng dán Blank Film trong (Trên 10 inches),206.0,27785518.0,2018-10-09T00:00:00,685.0
1301408,Bàn phím laptop Samsung RV409/RV411/RC410/RV415/RV420/E3420/E3415/RC418/RV418/RV411/RV415,0.0,0.0,2018-10-05T00:00:00,0.0
1301580,Máy tính tiền TopCash AL-G1,4.0,15818182.0,2018-09-26T00:00:00,89.0
1301585,"""ổ cứng HDD HGST 500GB 2.5"""" (5400rpm)""",30.0,27008183.0,2018-10-07T00:00:00,280.0
1301632,Mực in Canon CLI 751C,1.0,318182.0,2018-09-14T00:00:00,347.0
1301634,Mực in Canon CLI 751Y,1.0,318182.0,2018-09-14T00:00:00,347.0
1301635,Mực in Canon CLI 751BK,1.0,318182.0,2018-09-16T00:00:00,347.0
1301656,Xử lý phần mềm,390.0,36022692.0,2018-10-09T00:00:00,383.0
1301679,Cáp Lightning Pisen 1000mm,84.0,9993589.0,2018-10-09T00:00:00,453.0
1301680,Cáp iPhone 4 Pisen 800mm,2.0,90910.0,2018-09-29T00:00:00,100.0
1301719,Loa Soundmax A920 (2.1),30.0,18963645.0,2018-10-09T00:00:00,499.0
1301721,Miếng lót chuột Zadez,400.0,8025845.0,2018-10-09T00:00:00,259.0
1301831,Thiết bị ghi hình/ Webcam Logitech C270,132.0,62784699.0,2018-10-09T00:00:00,683.0
1301866,Sửa UPS,6.0,3792729.0,2018-09-29T00:00:00,907.0
1301872,Thùng máy/ Case CM-RC K281 (No power),12.0,10502726.0,2018-10-08T00:00:00,45.0
1301873,Thùng máy/ Case CM-N200 (No power),11.0,9286364.0,2018-10-04T00:00:00,537.0
1301874,Thùng máy/ Case CM-N300 (No power),8.0,7427272.0,2018-10-05T00:00:00,23.0
1301876,Bộ nhớ DDR3 Kingston 4GB (1600) (KVR16N11S8/4),60.0,48294548.0,2018-10-09T00:00:00,781.0
1301882,Thay nguồn Core 2,1.0,909091.0,2018-10-03T00:00:00,991.0
1301883,Thay nguồn Core I3,79.0,72000007.0,2018-10-09T00:00:00,794.0
1301884,Thay nguồn Core I5,131.0,130818182.0,2018-10-09T00:00:00,323.0
1301885,Thay nguồn Core I7,23.0,24545453.0,2018-10-09T00:00:00,519.0
1301887,VGA Ati,15.0,17636361.0,2018-10-08T00:00:00,50.0
1301888,VGA AMD,17.0,20636361.0,2018-10-04T00:00:00,293.0
1301889,Vga Onboard,41.0,44909087.0,2018-10-09T00:00:00,515.0
1301890,Vga Nvidia,2.0,2363636.0,2018-09-24T00:00:00,558.0
1301901,Bàn phím laptop Asus X401,1.0,409091.0,2018-09-29T00:00:00,446.0
1301943,Bàn phím laptop HP 4540S/4545S,2.0,654546.0,2018-09-12T00:00:00,714.0
1302103,Mực in Brother TN 1010,125.0,34054484.0,2018-10-09T00:00:00,734.0
1302263,Bàn phím laptop Sony CA (Đen),2.0,605454.0,2018-10-07T00:00:00,54.0
1302303,Cáp VGA Unitek Y- C503G (1.5m),54.0,2451186.0,2018-10-09T00:00:00,325.0
1302317,"""Màn hình LCD Acer 19.5"""" S200HQL""",68.0,125905060.0,2018-10-09T00:00:00,22.0
1302328,Box ổ cứng 3.5'' SSK Sata USB 3.0 (G130),12.0,5164913.0,2018-10-09T00:00:00,851.0
1302336,Cáp loa (1-->2) DT6212 (3m),43.0,2145000.0,2018-10-08T00:00:00,875.0
1302337,Cáp loa (1-->1) DT6220 (1.5m),49.0,1555900.0,2018-10-09T00:00:00,22.0
1302339,Cáp loa (1-->2) DT6211 (1.5m),50.0,2032677.0,2018-10-09T00:00:00,551.0
1302341,Cáp loa nối dài NX 412B (3m),62.0,1395055.0,2018-10-09T00:00:00,617.0
1302346,Hút bụi mini Knet,17.0,4268721.0,2018-10-08T00:00:00,651.0
1302416,Thùng máy/ Case CM-N400 (No power),4.0,4056365.0,2018-10-04T00:00:00,185.0
1302442,Cáp nối HDMI Elecom DH-HD14ER20BK (Đen),4.0,1087272.0,2018-10-08T00:00:00,579.0
1302443,Cáp nối HDMI Elecom DH-HD14ER50BK (Đen),2.0,1089090.0,2018-09-29T00:00:00,379.0
1302451,Tai nghe Philips SHE 1350,4.0,351900.0,2018-09-30T00:00:00,768.0
1302462,Tản nhiệt/ Fan laptop Deep cool N200,17.0,2936359.0,2018-10-09T00:00:00,169.0
1302464,Tản nhiệt/ Fan laptop Deep cool Windpal Mini,73.0,14874451.0,2018-10-09T00:00:00,782.0
1302483,Máy đếm tiền Oudis-5200C,1.0,3181818.0,2018-09-29T00:00:00,441.0
1302509,Pin dùng cho laptop Toshiba 5024 (6cell),5.0,2422725.0,2018-10-09T00:00:00,116.0
1302534,Bàn phím laptop Sony SVE15 (Đen),4.0,1210908.0,2018-10-09T00:00:00,108.0
1302592,Bàn phím Mitsumi (KFK-EA4XT) USB (Đen),537.0,85544477.0,2018-10-09T00:00:00,448.0
1302593,"ổ cứng HDD Seagate 1TB Backup Plus 3.0, 2.5'' (Bạc)",26.0,38574543.0,2018-10-09T00:00:00,473.0
1302625,Bàn phím laptop Sony SVE14 (Đen),4.0,1210908.0,2018-09-30T00:00:00,108.0
1302658,Quạt CPU CM XDream i117,47.0,9322909.0,2018-10-09T00:00:00,758.0
1302661,Quạt CPU CM Hyper 212X,18.0,13627497.0,2018-10-09T00:00:00,952.0
1302712,Pin dùng cho laptop Dell V131 (6cell),5.0,2727275.0,2018-10-05T00:00:00,957.0
1302743,Bộ nhớ DDR3 Kingston 2GB (1600) (KVR16N11S6A/2-SP),3.0,1445454.0,2018-09-18T00:00:00,566.0
1302749,Chuột máy tính Rapoo 3100P Không dây  (Xanh),7.0,1527274.0,2018-10-07T00:00:00,657.0
1302750,Chuột máy tính Rapoo 3100P Không dây  (Đen),6.0,1309092.0,2018-10-04T00:00:00,419.0
1302758,Bàn phím Rapoo E1050 Không dây (Đen),10.0,2286266.0,2018-10-02T00:00:00,881.0
1302823,Máy ép Plastic Bosser EH-450,7.0,12600000.0,2018-10-09T00:00:00,617.0
1302862,Chuột máy tính Newmen F600 (Trắng),5.0,1709092.0,2018-10-07T00:00:00,855.0
1302863,Chuột máy tính Newmen F600 (Vàng),24.0,8250969.0,2018-10-08T00:00:00,376.0
1302907,Bàn phím+Chuột máy tính Genius Wireless Slimstar 8000ME,4.0,1305456.0,2018-10-09T00:00:00,819.0
1302922,Bàn phím laptop Asus K45,14.0,5090904.0,2018-10-09T00:00:00,499.0
1302965,Thùng máy/ Case Sama G3 (No Power),19.0,9407413.0,2018-10-09T00:00:00,506.0
1302967,Thùng máy/ Case Sama S1 (No Power),78.0,25469870.0,2018-10-09T00:00:00,692.0
1302968,Thùng máy/ Case Sama S2 (No Power),45.0,14904468.0,2018-10-09T00:00:00,529.0
1302969,Thùng máy/ Case Sama S4 (No Power),60.0,20235453.0,2018-10-08T00:00:00,967.0
1302974,Tai nghe Logitech H340,84.0,44629116.0,2018-10-08T00:00:00,37.0
1303010,Thiết bị mạng/ Router Tenda 303R Wireless,17.0,6064547.0,2018-10-07T00:00:00,457.0
1303012,Thiết bị mạng/ Router Tenda FH303 Wireless,8.0,3490912.0,2018-10-07T00:00:00,781.0
1303014,Sửa Nguồn/ Power,10.0,7590909.0,2018-10-09T00:00:00,202.0
1303015,Thay Drum,8.0,2218180.0,2018-10-04T00:00:00,398.0
1303016,Bơm mực,43.0,6905466.0,2018-10-08T00:00:00,879.0
1303018,Sửa máy in,47.0,40368182.0,2018-10-09T00:00:00,110.0
1303022,Sửa máy hủy giấy,1.0,654545.0,2018-09-13T00:00:00,713.0
1303061,ổ cứng di động/ USB Kingston 16GB DT100G3,1927.0,161159868.0,2018-10-09T00:00:00,370.0
1303068,Bộ định tuyến/ ADSL D-Link 526E,6.0,1418184.0,2018-10-03T00:00:00,539.0
1303073,Sửa máy đếm tiền,6.0,3536365.0,2018-10-09T00:00:00,829.0
1303107,Sửa máy fax,2.0,1300000.0,2018-10-02T00:00:00,408.0
1303139,ổ cứng di động/ USB PNY 32GB Hook (2.0) (Bạc),3.0,1080000.0,2018-09-28T00:00:00,370.0
1303164,Chuột máy tính Logitech M187 (Cam),28.0,7383625.0,2018-10-09T00:00:00,772.0
1303165,Chuột máy tính Logitech M187 (Xanh),22.0,5579083.0,2018-10-09T00:00:00,322.0
1303180,Bộ định tuyến/ ADSL D-Link 2540U,5.0,1340910.0,2018-10-03T00:00:00,958.0
1303195,Chuột máy tính Elecom M-IR06DRGN (Xanh lá),1.0,217273.0,2018-09-16T00:00:00,338.0
1303301,Pin dùng cho laptop Dell V13/V130 (6 cell),1.0,1030000.0,2018-10-02T00:00:00,820.0
1303307,Sửa Jack Phone,4.0,1454544.0,2018-09-21T00:00:00,575.0
1303322,ổ cứng HDD Seagate Barracuda 3TB Sata,14.0,28320363.0,2018-10-07T00:00:00,760.0
1303436,Bộ định tuyến/ ADSL D-Link 2730E,-1.0,-400000.0,2018-09-21T00:00:00,-436.0
1303445,Thiết bị mạng Asus RT-N12HP,57.0,55321826.0,2018-10-09T00:00:00,374.0
1303463,Pin dùng cho laptop HP 8460 (6 cell),2.0,969090.0,2018-10-09T00:00:00,450.0
1303470,Máy nghe nhạc MP3 Transcend 8GB MP350  (Xanh),1.0,890909.0,2018-10-03T00:00:00,971.0
1303504,Nguồn/ Power CM 500W Elite,26.0,21265300.0,2018-10-09T00:00:00,625.0
1303505,Nguồn/ Power CM 550W Elite,10.0,9427272.0,2018-10-09T00:00:00,185.0
1303509,Bàn phím laptop Acer Emachine D725/D525 (Trắng đen),1.0,302727.0,2018-09-21T00:00:00,27.0
1303536,ổ cứng HDD WD 1TB WD1003FZEX (Đen),99.0,183119716.0,2018-10-09T00:00:00,342.0
1303594,Pin dùng cho laptop Dell E6220/E6320 (6 cell),2.0,1297273.0,2018-10-09T00:00:00,708.0
1303604,Chuột máy tính Elecom M-BL21DBBU (Xanh),4.0,1200000.0,2018-10-02T00:00:00,299.0
1303606,Chuột máy tính Elecom M-BL21DBSV (Bạc),4.0,1450908.0,2018-10-02T00:00:00,975.0
1303635,Máy in Epson LQ-310,66.0,296544990.0,2018-10-09T00:00:00,899.0
1303640,Ruy băng Epson S015639 ,451.0,38772706.0,2018-10-09T00:00:00,872.0
1303691,Pin dùng cho laptop Asus A32-K55 (6cell),6.0,3125454.0,2018-10-04T00:00:00,581.0
1303743,"ổ cứng HDD WD 2TB Passport Ultra 2.5"""," 3.0 (Đỏ)""",1.0,1909091.0,1.0
1303773,Phần mềm Kaspersky Internet Security 5 máy tính,216.0,166767400.0,2018-10-09T00:00:00,889.0
1303793,Thay nguồn màn hình,17.0,11000005.0,2018-10-09T00:00:00,896.0
1303794,Thay nguồn AMD,5.0,5181818.0,2018-10-09T00:00:00,603.0
1303803,Thay Bo nguồn,4.0,2136363.0,2018-10-08T00:00:00,310.0
1303806,"""ổ cứng HDD WD 2TB Elements+Box 2.5"""" 3.0""",77.0,175997758.0,2018-10-09T00:00:00,915.0
1303809,Sửa máy chiếu,5.0,14270909.0,2018-10-04T00:00:00,622.0
1303849,Mực in Brother LC 563BK,101.0,22036367.0,2018-10-08T00:00:00,816.0
1303934,Thiết bị ghi hình/ Webcam Colovis ND60,15.0,2481822.0,2018-10-08T00:00:00,691.0
1304012,Thẻ cào Vina 100.000,315.0,25885633.0,2018-10-09T00:00:00,747.0
1304013,Thẻ cào Vina 20.000,77.0,1327278.0,2018-10-09T00:00:00,443.0
1304014,Thẻ cào Vina 50.000,56.0,2502570.0,2018-10-09T00:00:00,250.0
1304015,Thẻ cào Vina 200.000,54.0,9037858.0,2018-10-09T00:00:00,245.0
1304016,Thẻ cào Vina 300.000,18.0,4783225.0,2018-10-09T00:00:00,565.0
1304019,Thẻ cào Viettel 300.000,26.0,6878180.0,2018-10-09T00:00:00,836.0
1304020,Thẻ cào Viettel 200.000,127.0,21407204.0,2018-10-09T00:00:00,260.0
1304021,Thẻ cào Viettel 100.000,686.0,57065589.0,2018-10-09T00:00:00,585.0
1304022,Thẻ cào Viettel 50.000,266.0,11749726.0,2018-10-09T00:00:00,930.0
1304023,Thẻ cào Viettel 20.000,227.0,3999091.0,2018-10-09T00:00:00,424.0
1304045,ổ cứng di động/ USB Kingston 32GB DT100G3,413.0,74018331.0,2018-10-09T00:00:00,109.0
1304046,Bo mạch chính/ Mainboard Gigabyte H81M-DS2,147.0,178336569.0,2018-10-09T00:00:00,864.0
1304133,Thiết bị mạng D-Link DWA 171 Wireless,72.0,25760006.0,2018-10-08T00:00:00,236.0
1304140,Mực in Brother LC 563C,47.0,8545438.0,2018-10-08T00:00:00,217.0
1304141,Mực in Brother LC 563M,49.0,8909074.0,2018-10-08T00:00:00,613.0
1304142,Mực in Brother LC 563Y,48.0,8727257.0,2018-10-08T00:00:00,416.0
1400010,Bộ cấp nguồn/ Adaptor Lenovo 20V-3.25A (đầu USB ),28.0,8783649.0,2018-10-09T00:00:00,304.0
1400020,Mực in HP CF283A,29.0,37728718.0,2018-10-09T00:00:00,190.0
1400024,Box ổ cứng 2.5'' SSK Sata V300,18.0,3664129.0,2018-10-08T00:00:00,450.0
1400028,Cáp VGA Unitek YC 504A (3m),30.0,2174540.0,2018-10-09T00:00:00,145.0
1400029,Cáp VGA Unitek YC 505G (5m),34.0,2781813.0,2018-10-08T00:00:00,0.0
1400032,Cáp VGA Unitek YC 508A (20m),1.0,281818.0,2018-10-09T00:00:00,307.0
1400034,Cáp HDMI KM (1.4) 03504 (3m),74.0,5942715.0,2018-10-09T00:00:00,714.0
1400035,Cáp HDMI KM (1.4) 05150 (5m),15.0,1587274.0,2018-10-08T00:00:00,117.0
1400040,Tay cầm Game pad EW 008,42.0,7254539.0,2018-10-09T00:00:00,838.0
1400042,Cáp Displayport -> HDMI Unitek (Y 5118CA),90.0,14656344.0,2018-10-09T00:00:00,619.0
1400047,Loa Soundmax A130 (2.0) (Đỏ),81.0,10573624.0,2018-10-09T00:00:00,313.0
1400053,Túi chống sốc Western,497.0,0.0,2018-10-09T00:00:00,0.0
1400073,Loa Bose Companion 2 Series III,11.0,24383697.0,2018-10-08T00:00:00,203.0
1400134,Bàn phím laptop Acer V5-471/V5-431/V5-473/M3-481,5.0,1818180.0,2018-10-09T00:00:00,971.0
1400273,Mực in HP CF210A,1.0,1451818.0,2018-09-18T00:00:00,876.0
1400274,Mực in HP CF211A,1.0,1819091.0,2018-09-18T00:00:00,873.0
1400275,Mực in HP CF212A,1.0,1727273.0,2018-09-18T00:00:00,874.0
1400276,Mực in HP CF213A,1.0,1727273.0,2018-09-18T00:00:00,874.0
1400305,Máy ép Plastic DSB HQ235,1.0,1272727.0,2018-09-28T00:00:00,378.0
1400312,Thiết bị mạng D-Link DGE 560T,22.0,6420232.0,2018-10-09T00:00:00,974.0
1400314,Bộ cấp nguồn/ Adaptor Asus 19V-2.37A,39.0,11806353.0,2018-10-09T00:00:00,44.0
1400316,Bộ cấp nguồn/ Adaptor HP 19V-4.74A (Đầu kim nhỏ) (Envy),2.0,727272.0,2018-09-27T00:00:00,792.0
1400364,Thiết bị mạng  Draytek V2960,3.0,20532954.0,2018-10-04T00:00:00,813.0
1400378,Mực in HP CN053AA (932XL),10.0,6900000.0,2018-10-04T00:00:00,458.0
1400379,Mực in HP CN054AA (933XL),12.0,4109087.0,2018-10-05T00:00:00,439.0
1400380,Mực in HP CN055AA (933XL),11.0,3779997.0,2018-10-05T00:00:00,283.0
1400381,Mực in HP CN056AA (933XL),11.0,3779997.0,2018-10-04T00:00:00,283.0
1400387,Thay màn hình điện thoại,1.0,727273.0,2018-10-01T00:00:00,793.0
1400392,Thay pin,4.0,5575453.0,2018-10-08T00:00:00,728.0
1400419,Mực in Ricoh SP100/111/200/210,26.0,3545457.0,2018-10-09T00:00:00,840.0
1400443,Sạc điện thoại Pisen I Charger 1A,40.0,5038643.0,2018-10-08T00:00:00,706.0
1400540,Chuột máy tính Elecom M-IR06DRBK (Đen),1.0,217273.0,2018-10-03T00:00:00,338.0
1400549,ổ cứng HDD WD 2TB WD2003FZEX Sata 3 (Đen),16.0,46921817.0,2018-10-07T00:00:00,290.0
1400561,Thẻ nhớ Micro SD Transcend 16GB (class 10),80.0,9920386.0,2018-10-09T00:00:00,907.0
1400563,"ổ cứng HDD Transcend 2TB 25H3+Box 2.5""""",10.0,20487090.0,2018-10-09T00:00:00,354.0
1400567,ổ cứng HDD WD 4TB My Book Multi,8.0,29725453.0,2018-10-02T00:00:00,313.0
1400677,Phí dịch vụ bảo hành tận nơi,14.0,3136363.0,2018-10-08T00:00:00,391.0
1400679,Thiết bị mạng D-Link DWR 116,4.0,2363636.0,2018-10-07T00:00:00,558.0
1400698,Nguồn/ Power Antec 500W VP500PC,40.0,29650816.0,2018-10-09T00:00:00,342.0
1400774,Bộ cấp nguồn/ Adaptor Lenovo 20V-4.5A (Đầu usb),1.0,339091.0,2018-09-24T00:00:00,67.0
1400779,Bàn phím laptop Dell 14Z-5423/Vostro3360,4.0,1018180.0,2018-10-05T00:00:00,99.0
1400781,Sạc ô tô Pisen I Car Charger 1A,2.0,302727.0,2018-09-19T00:00:00,27.0
1400852,Cáp HDMI Cliptec OCD531 (1.8m),168.0,20964556.0,2018-10-09T00:00:00,563.0
1400853,Cáp HDMI Cliptec OCD532 (3m),86.0,13937067.0,2018-10-09T00:00:00,759.0
1400854,Cáp HDMI Cliptec OCD533 (5m),30.0,7214543.0,2018-10-07T00:00:00,193.0
1400860,Tản nhiệt/ Fan laptop Deep cool M3,5.0,2370000.0,2018-10-03T00:00:00,868.0
1400863,Bàn phím laptop HP G6-2000,2.0,678182.0,2018-10-09T00:00:00,134.0
1400868,Tên hàng,4.0,0.0,2018-09-26T00:00:00,0.0
1400872,Bàn phím laptop Asus K55,3.0,1090908.0,2018-09-22T00:00:00,179.0
1400925,Nguồn/ Power CM G650M,17.0,29555761.0,2018-10-09T00:00:00,133.0
1400926,Nguồn/ Power CM G750M,5.0,9680908.0,2018-10-05T00:00:00,562.0
1400930,Cáp Unitek YC437 (0.8m),3.0,163635.0,2018-10-07T00:00:00,177.0
1400931,Cáp HDMI Unitek YC 137 (1.5m),197.0,12139956.0,2018-10-09T00:00:00,677.0
1400948,Bộ chia/ Hub USB 3.0 Orico W6PH4BK,60.0,15450023.0,2018-10-09T00:00:00,215.0
1400954,Pin dùng cho laptop HP DV4 5000 (6cell),0.0,-96363.0,2018-10-09T00:00:00,-508.0
1401008,ổ cứng HDD Lacie 2TB Porsche Design P9223 USB 3.0,4.0,11054545.0,2018-09-24T00:00:00,950.0
1401119,Bàn phím laptop Sony SVE13 (Đen),1.0,302727.0,2018-09-13T00:00:00,27.0
1401133,bộ cấp nguồn/ Adaptor Asus 19V-1.75A (đầu số 4),39.0,11775447.0,2018-10-09T00:00:00,417.0
1401178,ổ đĩa DVD Rom Asus 18X E818A9T Sata Tray,71.0,17677969.0,2018-10-09T00:00:00,289.0
1401197,Bộ nhớ DDR3 G.Skill 8GB (1600) F3-1600C11S-8GNT,42.0,53612729.0,2018-10-09T00:00:00,523.0
1401235,Vali,1.0,0.0,2018-10-01T00:00:00,0.0
1401495,ổ đĩa DVD WR Transcend TS8X DVDS-K,48.0,30812836.0,2018-10-09T00:00:00,1003.0
1401554,Tai nghe Elecom EHP-CS3520F2 (Cam vàng),1.0,226364.0,2018-10-02T00:00:00,348.0
1401555,Tai nghe Elecom EHP-CS3520 (Hồng đậm),3.0,679092.0,2018-10-05T00:00:00,35.0
1401565,Tai nghe Elecom EHP-C3520PND-G (Hồng đậm),5.0,904545.0,2018-10-07T00:00:00,481.0
1401599,Giấy HP Glossy photo A4 (CG850A),1.0,97273.0,2018-09-30T00:00:00,409.0
1401661,Màn hình LCD Dell 23.8'' Ultrasharp U2414H,125.0,547388680.0,2018-10-09T00:00:00,126.0
1401683,Bộ nhớ laptop DDR3 G.Skill 2GB (1600) F3-12800CL9S-2GBSQ,9.0,4090905.0,2018-10-09T00:00:00,419.0
1401684,Bộ nhớ laptop DDR3 G.Skill 4GB (1600) F3-12800CL11S-4GBSQ,62.0,52303659.0,2018-10-09T00:00:00,126.0
1401686,Bộ nhớ laptop DDR3L G.Skill 4GB (1600) F3-1600C11S-4GRSL,69.0,51858152.0,2018-10-09T00:00:00,597.0
1401687,Bộ nhớ laptop DDR3 G.Skill 8GB (1600) F3-1600C11S-8GRSL,5.0,6797000.0,2018-10-08T00:00:00,376.0
1401692,Bộ nhớ DDR3 Kingston 4GB (1600) Hyper X Fury (HX316C10FB/4) (Đen),20.0,16345455.0,2018-10-04T00:00:00,664.0
1401694,Nguồn / Power Corsair VS550 - 80 Plus White,178.0,173223561.0,2018-10-09T00:00:00,459.0
1401736,Thay màn Hình,15.0,43391818.0,2018-10-08T00:00:00,782.0
1401738,Loa  Soundmax  A120/2.0 (Trắng),37.0,6019989.0,2018-10-09T00:00:00,295.0
1401739,Sửa 2 Bản Lề,48.0,20000004.0,2018-10-09T00:00:00,615.0
1401740,Sửa 2 Loa,2.0,1090909.0,2018-09-22T00:00:00,180.0
1401818,Thay Kính Cảm ứng,11.0,22331819.0,2018-10-07T00:00:00,631.0
1401821,ổ cứng HDD Seagate Barracuda 4TB Sata,7.0,18787781.0,2018-10-09T00:00:00,201.0
1401831,Thay ổ Cứng,1.0,4000000.0,2018-09-13T00:00:00,324.0
1401915,Bộ cấp nguồn/ Adaptor HP 19V-3.33A (đầu kim nhỏ) Ultrabook,19.0,6442729.0,2018-10-08T00:00:00,264.0
1401975,Chuột máy tính Elecom M-BL21DBPN (Hồng),5.0,1813635.0,2018-09-28T00:00:00,462.0
1402030,Docking ổ cứng Orico 2.5''+3.5'' 6518US3 (3.0),11.0,4390001.0,2018-10-08T00:00:00,851.0
1402053,Tản nhiệt/ Fan laptop Deep cool U Pal,2.0,527272.0,2018-09-19T00:00:00,574.0
1402075,Máy in Canon PIXMA E560,28.0,64909626.0,2018-10-09T00:00:00,656.0
1402080,ổ cứng HDD WD 3TB My Book Multi,6.0,18000002.0,2018-10-07T00:00:00,451.0
1402084,Thiết bị mạng D-Link DIR 600M,26.0,6594537.0,2018-10-09T00:00:00,722.0
1402085,Thiết bị mạng D-Link DIR 612,199.0,58130970.0,2018-10-09T00:00:00,462.0
1402102,Thiết bị mạng Asus RT-N14UHP,19.0,26978176.0,2018-10-08T00:00:00,543.0
1402116,Thiết bị mạng ToToLink N300RH,33.0,24300009.0,2018-10-09T00:00:00,262.0
1402124,Loa Soundmax A2117 (2.1),13.0,13380272.0,2018-10-07T00:00:00,932.0
1402247,Mực in Canon PG 47,31.0,5636358.0,2018-10-08T00:00:00,84.0
1402248,Mực in Canon PG 89,65.0,18218410.0,2018-10-08T00:00:00,915.0
1402250,Mực in Canon CL 57,16.0,5381822.0,2018-10-03T00:00:00,825.0
1402251,Mực in Canon CL 99,64.0,21986458.0,2018-10-09T00:00:00,348.0
1402272,Miếng lót chuột Asus,1.0,0.0,2018-09-30T00:00:00,0.0
1402281,Bàn phím+Chuột máy tính Logitech MK270r,109.0,59211416.0,2018-10-09T00:00:00,269.0
1402307,Máy in HP LJ Pro M176N-CF547A,3.0,21575227.0,2018-09-24T00:00:00,789.0
1402318,Chuột máy tính Microsoft PL2 ARC Touch Wireless (Đen),2.0,1718182.0,2018-10-03T00:00:00,864.0
1402346,Thiết bị mạng Linksys E1700 Wireless,15.0,17115001.0,2018-10-09T00:00:00,343.0
1402364,Bộ nhớ laptop DDR3 G.Skill 2GB (1333) F3-10666CL9S-2GBSQ,34.0,15978177.0,2018-10-08T00:00:00,662.0
1402366,Bộ nhớ DDR2 G.Skill 2GB (800) F2-6400CL5S-2GBNT,23.0,15514547.0,2018-10-08T00:00:00,163.0
1402368,Bộ nhớ DDR3 G.Skill 4GB (1600) F3-1600C11S-4GIS,107.0,76359966.0,2018-10-09T00:00:00,864.0
1402418,Máy đếm tiền Oudis-6900A,1.0,2981818.0,2018-09-28T00:00:00,223.0
1402436,Cáp nối HDMI Elecom DH-HD14EF15BK (Đen),2.0,543636.0,2018-09-23T00:00:00,794.0
1402446,Cáp Audio Elecom AV-351 (1m),1.0,135455.0,2018-10-01T00:00:00,249.0
1402457,Cáp Micro USB Elecom MPA-AMBCL12BK (Đen),3.0,297273.0,2018-10-03T00:00:00,627.0
1402458,Cáp Micro USB Elecom MPA-AMBCL12WH (Trắng),1.0,99091.0,2018-09-27T00:00:00,209.0
1402479,Màn hình LCD Dell 17'' E1715S,55.0,115994716.0,2018-10-09T00:00:00,76.0
1402498,Mực in Brother LC 535XLC,9.0,1472725.0,2018-10-05T00:00:00,594.0
1402499,Mực in Brother LC 539XL BK,16.0,2909088.0,2018-10-08T00:00:00,141.0
1402500,Mực in Brother LC 535XLM,8.0,1309089.0,2018-10-05T00:00:00,416.0
1402501,Mực in Brother LC 535XLY,10.0,1636361.0,2018-10-05T00:00:00,772.0
1402559,Thẻ nhớ Micro SDHC Kingston 16GB (Class 10),77.0,8238191.0,2018-10-09T00:00:00,715.0
1402560,Thẻ nhớ Micro SDHC Kingston 32GB (Class 10),23.0,5122722.0,2018-10-08T00:00:00,29.0
1402595,ổ cứng HDD WD 4TB WD40EFRX Sata 3 (Đỏ),28.0,85232544.0,2018-10-08T00:00:00,296.0
1402615,Bộ nhớ laptop DDR3 Kingmax 4GB (1600) (DDR3L),69.0,52878469.0,2018-10-09T00:00:00,815.0
1402647,"""ổ cứng HDD HGST 1TB 2.5"""" (5400rpm)""",14.0,15732270.0,2018-10-05T00:00:00,951.0
1402669,Chuột máy tính Dragon Gamming G7,70.0,21634403.0,2018-10-08T00:00:00,434.0
1402670,Chuột máy tính Dragon Gamming G8,27.0,8222357.0,2018-10-09T00:00:00,16.0
1402671,Chuột máy tính Dragon Gamming G9,7.0,2070453.0,2018-09-30T00:00:00,994.0
1402681,Thiết bị mạng/ Router TPLink TL-WR841N,458.0,128323566.0,2018-10-09T00:00:00,964.0
1402684,Thiết bị mạng/ Switch TPLink 16P TL SG1016D,68.0,80129086.0,2018-10-09T00:00:00,360.0
1402685,Thiết bị mạng/ Switch TPLink 24P TL SG1024D,48.0,76729126.0,2018-10-09T00:00:00,730.0
1402736,Bộ cấp nguồn/ Adaptor Dell 19.5V-4.62A (đầu 2 khắc),4.0,1454544.0,2018-09-25T00:00:00,575.0
1402753,Bộ nhớ laptop DDR3 Kingmax 8GB (1600) (DDR3L),40.0,57434051.0,2018-10-09T00:00:00,762.0
1402923,Bộ nhớ laptop DDR3 G.Skill 8GB (1333) F3-10666CL9S-8GBSQ,16.0,23473634.0,2018-10-09T00:00:00,258.0
1402957,Quạt CPU Deepcool Gammaxx 400 (Xanh),70.0,34917673.0,2018-10-08T00:00:00,219.0
1402998,Bộ lưu điện AR2120 1200VA 720W,6.0,12587272.0,2018-10-08T00:00:00,1006.0
1403000,Nguồn/ Power Acbel 700W I G700,13.0,17171823.0,2018-10-04T00:00:00,661.0
1403010,Nguồn/ Power Acbel 650W I G650,18.0,20698226.0,2018-10-09T00:00:00,609.0
1403012,Nguồn/ Power Acbel 750W I G750,34.0,46335087.0,2018-10-07T00:00:00,798.0
1403024,"""Màn hình LCD Philips 18.5"""" 193V5LSB""",39.0,51760237.0,2018-10-09T00:00:00,555.0
1403063,Sửa Màn Hình PC,2.0,1636364.0,2018-09-26T00:00:00,775.0
1403070,Sửa Điện Thoại Di Động,1.0,727273.0,2018-09-29T00:00:00,793.0
1403072,Sửa Điện Thoại Bàn,1.0,530000.0,2018-10-09T00:00:00,275.0
1403073,Sửa Nguồn PC,1.0,1136364.0,2018-09-28T00:00:00,230.0
1403086,Máy đếm tiền Oudis-3900C,6.0,13978184.0,2018-10-02T00:00:00,507.0
1403096,Tai nghe Logitech H540,10.0,8363636.0,2018-09-25T00:00:00,35.0
1403100,Thiết bị adapter Logitech bluetooth Audio Receiver (Nguồn 220v),27.0,16742187.0,2018-10-09T00:00:00,859.0
1403151,Thiết bị mạng/ Router Tenda W3002R Wireless,2.0,818182.0,2018-10-05T00:00:00,892.0
1403154,Box ổ cứng 2.5'' SSK Sata USB 3.0 (SHE 085),13.0,3191814.0,2018-10-03T00:00:00,347.0
1403168,Bàn phím laptop HP G4-2000,1.0,302727.0,2018-10-09T00:00:00,27.0
1403201,Điện thoại bàn NP 1201 (Đỏ),9.0,1260000.0,2018-10-09T00:00:00,768.0
1403228,Bộ nhớ DDR3 G.Skill 8GB (1600) F3-1600C11S-8GIS,35.0,53900000.0,2018-10-08T00:00:00,229.0
1403247,Bàn phím laptop Lenovo G480/B490/B480/G485/B485/Z380/X385/Z480,1.0,181818.0,2018-09-29T00:00:00,198.0
1403261,Máy in Brother MFC-J3520,9.0,69545457.0,2018-10-07T00:00:00,132.0
1403273,áo mưa Phong Vũ,-1.0,0.0,2018-09-21T00:00:00,0.0
1403284,Máy in HP OJ Pro 7110 (CR768A),1.0,4274545.0,2018-09-11T00:00:00,421.0
1403294,Thay cab ổ Cứng,3.0,3181818.0,2018-10-07T00:00:00,441.0
1403355,Máy tính tiền AL-K1P,3.0,10800000.0,2018-10-09T00:00:00,673.0
1403358,Mực in HP CF350A,5.0,6000000.0,2018-10-01T00:00:00,486.0
1403359,Mực in HP CF351A,3.0,3763635.0,2018-09-21T00:00:00,65.0
1403360,Mực in HP CF352A,3.0,3763635.0,2018-09-21T00:00:00,65.0
1403361,Mực in HP CF353A,4.0,5018180.0,2018-09-21T00:00:00,423.0
1403366,Chuột máy tính Lenovo Wireless N700,1.0,0.0,2018-09-14T00:00:00,0.0
1403390,Ba lô Logitech,1.0,0.0,2018-10-08T00:00:00,0.0
1403392,Pin dùng cho laptop Lenovo Y480/G480 (6cell),2.0,1157272.0,2018-09-24T00:00:00,958.0
1403448,Tai nghe Soundmax AH 703,77.0,17973659.0,2018-10-09T00:00:00,342.0
1403461,Loa Soundmax A930 (2.1),21.0,15921812.0,2018-10-08T00:00:00,801.0
1403487,Drum Brother DR 1010VNM,21.0,13363644.0,2018-10-09T00:00:00,448.0
1403505,Máy in Epson L120,13.0,29348177.0,2018-10-09T00:00:00,403.0
1403506,Máy in Epson L1300,1.0,10236364.0,2018-09-27T00:00:00,59.0
1403507,Máy in Epson L1800,11.0,138760454.0,2018-10-02T00:00:00,756.0
1403513,Loa Logitech Z213 (2.1),36.0,16022888.0,2018-10-08T00:00:00,977.0
1403542,Bộ nhớ DDR3 Kingston 4GB (1600) Hyper X Fury (HX316C10FR/4) (Đỏ),2.0,1745454.0,2018-09-25T00:00:00,893.0
1403549,Bộ nhớ DDR3 Kingston 4GB (1600) Hyper X Fury (HX316C10F/4) (Xanh),1.0,863636.0,2018-10-04T00:00:00,941.0
1403602,Loa Soundmax A960 (2.1),30.0,26978184.0,2018-10-09T00:00:00,551.0
1403669,Pin dùng cho laptop Asus A32-K56 (6cell),3.0,1453635.0,2018-10-08T00:00:00,675.0
1403671,Máy in Epson T82 II USB,1.0,3259091.0,2018-09-17T00:00:00,21.0
1403762,Thẻ cào Kingston,606.0,0.0,2018-09-21T00:00:00,0.0
1403776,ổ cứng di động/ USB Apacer 16GB AH353,9.0,1186457.0,2018-10-07T00:00:00,882.0
1403778,ổ cứng di động/ USB Apacer 16GB AH333,88.0,10743654.0,2018-10-08T00:00:00,831.0
1403779,ổ cứng di động/ USB Apacer 16GB AH334,83.0,9647283.0,2018-10-09T00:00:00,234.0
1403784,Phần mềm Office 365 Business Opn ShrdSvr SNGL SubsVL OLP NL Qualifiel Annual  (J29-00003),5.0,10150000.0,2018-10-09T00:00:00,469.0
1403786,ổ cứng di động/ USB Apacer 32GB AH333,39.0,7076360.0,2018-10-08T00:00:00,243.0
1403787,ổ cứng di động/ USB Apacer 32GB AH334,25.0,4527269.0,2018-10-08T00:00:00,895.0
1403825,Bàn phím laptop HP Probook  4440S/4441S/4445S/4446S (Cáp ngắn),1.0,363636.0,2018-09-13T00:00:00,396.0
1403830,Ba lô Targus TSB 800AP,1.0,1050000.0,2018-09-26T00:00:00,640.0
1403837,Máy hủy giấy Bosser 240X,1.0,8363636.0,2018-09-26T00:00:00,35.0
1403862,Tai nghe Microlab K-360,61.0,19802701.0,2018-10-09T00:00:00,67.0
1403894,Box ổ cứng 2.5'' Transcend (Bạc),27.0,8315536.0,2018-10-08T00:00:00,367.0
1403955,Máy in Brother HL-L2361DN,10.0,28090910.0,2018-10-07T00:00:00,350.0
1403956,Mực in Brother TN 2385,264.0,117613559.0,2018-10-09T00:00:00,483.0
1403989,Mực fax Panasonic KX-FAT472,1.0,609091.0,2018-10-05T00:00:00,664.0
1404013,Card đọc thẻ nhớ Transcend 2.0 (RDP5),30.0,3856366.0,2018-10-09T00:00:00,977.0
1404016,"ổ cứng HDD Transcend 1TB M3B+Box 2.5""""",1.0,1277273.0,2018-09-28T00:00:00,888.0
1404017,"ổ cứng HDD Transcend 1TB 25H3B+Box 2.5""""",53.0,66859100.0,2018-10-09T00:00:00,742.0
1404018,"ổ cứng HDD Transcend 2TB 25H3B+Box 2.5""""",22.0,45591814.0,2018-10-07T00:00:00,149.0
1404025,Card đọc thẻ nhớ Transcend 3.0 (RDF5),23.0,3638185.0,2018-10-09T00:00:00,740.0
1404028,Bàn phím laptop Lenovo G580/G585/Z580/Z585/V580/V585,1.0,242727.0,2018-09-24T00:00:00,567.0
1404058,Chuột máy tính A4-V7M,45.0,16481814.0,2018-10-09T00:00:00,808.0
1404060,Chuột máy tính A4-N500F.1,127.0,16672758.0,2018-10-09T00:00:00,42.0
1404064,Thùng máy/ Case Sama S5 (No Power),78.0,25955282.0,2018-10-09T00:00:00,775.0
1404069,Máy ép Plastic DSB HQ335,1.0,1500000.0,2018-10-01T00:00:00,626.0
1404109,Thiết bị mạng TPLink TG-3468,64.0,10351603.0,2018-10-09T00:00:00,272.0
1404110,Thiết bị mạng Linksys RE3000W Wireless,7.0,5496818.0,2018-10-07T00:00:00,795.0
1404115,Bộ định tuyến/  Draytek V2925,43.0,130304967.0,2018-10-09T00:00:00,689.0
1404123,Thiết bị mạng ToToLink N200RE,153.0,29768230.0,2018-10-09T00:00:00,712.0
1404127,Bàn phím+Chuột máy tính Logitech MK345,15.0,7281360.0,2018-10-09T00:00:00,416.0
1404160,"""ổ cứng HDD HGST 500GB 2.5"""" (7200rpm)""",59.0,56779918.0,2018-10-09T00:00:00,461.0
1404190,Bàn phím laptop Dell E6420/5420/E6320/E6330/E6430/E6230,2.0,532728.0,2018-10-09T00:00:00,985.0
1404209,Loa Soundmax A130 (2.0) (Xanh),91.0,11806313.0,2018-10-09T00:00:00,4.0
1404210,Bộ định tuyến/  Draytek V2925FN (2 sợi quang),11.0,43636364.0,2018-10-09T00:00:00,141.0
1404232,ổ cứng di động/ USB Sandisk 16GB (SDCZ48- U46),146.0,18505476.0,2018-10-09T00:00:00,416.0
1404236,Thẻ nhớ Micro SDHC Sandisk 16GB (class 10) Ultra,104.0,13192929.0,2018-10-09T00:00:00,254.0
1404237,Thẻ nhớ Micro SDHC Sandisk 32GB (class 10) Ultra,59.0,16323086.0,2018-10-09T00:00:00,493.0
1404261,Loa Microlab M108 (2.1),87.0,30992127.0,2018-10-08T00:00:00,692.0
1404265,Loa Microlab TMN9U (2.1),-1.0,-1104545.0,2018-10-08T00:00:00,-699.0
1404296,Máy ghi âm Sony ICD TX650BC2E (Đen),5.0,15772726.0,2018-10-03T00:00:00,38.0
1404339,"""Màn hình LCD Acer 19.5"""" K202HQL""",51.0,83404900.0,2018-10-09T00:00:00,960.0
1404364,Tai nghe HP H2800,157.0,0.0,2018-10-04T00:00:00,0.0
1404380,Bộ sạc pin Energizer (AAA-700),10.0,2136362.0,2018-10-05T00:00:00,309.0
1404429,Cáp đồng trục (thùng 305m),1.0,1727273.0,2018-09-21T00:00:00,874.0
1404458,Điện thoại bàn NP 1201 (Trắng),5.0,686364.0,2018-10-01T00:00:00,244.0
1404459,Điện thoại bàn NP 1201 (Đen),11.0,1540000.0,2018-10-09T00:00:00,266.0
1404484,Thiết bị ghi hình/ Webcam Logitech B525,29.0,27190902.0,2018-10-07T00:00:00,370.0
1404527,Thiết bị mạng Linksys EA6350 Wireless,22.0,44132732.0,2018-10-09T00:00:00,81.0
1404531,Máy in Brother HL-L2321D,214.0,473255397.0,2018-10-09T00:00:00,91.0
1404533,Pin dùng cho laptop Toshiba PA3817 (6cell),3.0,1382727.0,2018-09-29T00:00:00,397.0
1404607,Máy in Brother HL-L2366DW,92.0,290081797.0,2018-10-09T00:00:00,351.0
1404630,Drum Brother DR 2385,24.0,15272736.0,2018-10-09T00:00:00,512.0
1404713,Bộ vi xử lý/ CPU AMD A8 7600,1.0,1845455.0,2018-09-28T00:00:00,1003.0
1404715,Loa Soundmax A980 (2.1),28.0,26421808.0,2018-10-09T00:00:00,134.0
1404738,pin dùng cho laptop Dell 14Z-5421,85.0,49100170.0,2018-10-09T00:00:00,212.0
1404739,Pin dùng cho laptop HP 15/Papilon M4 VK04,2.0,1139055.0,2018-10-09T00:00:00,903.0
1500035,Pin dùng cho laptop Acer V5 471 (4cell),13.0,6299085.0,2018-10-03T00:00:00,907.0
1500060,Bộ cấp nguồn/ Adaptor Asus 19V-6.32A,5.0,2545455.0,2018-10-08T00:00:00,757.0
1500068,Đầu RJ 45 (AMP) cat 6,20.0,436371.0,2018-09-28T00:00:00,483.0
1500082,ổ cứng HDD WD 6TB WD60EFRX Sata 3 (Đỏ),10.0,46224315.0,2018-10-08T00:00:00,7.0
1500104,Máy quét/ Scanner Canon lide 120,44.0,56757229.0,2018-10-09T00:00:00,979.0
1500105,Máy quét/ Scanner Canon lide 220,20.0,42787173.0,2018-10-09T00:00:00,528.0
1500122,Tai nghe Bluetooth Pisen VN002,25.0,7599089.0,2018-10-07T00:00:00,310.0
1500123,Cáp Lightning Pisen Flat Apple 800mm (Vàng),2.0,198182.0,2018-09-26T00:00:00,418.0
1500124,Cáp Lightning Pisen Flat Apple 800mm (Tím),3.0,297273.0,2018-10-03T00:00:00,627.0
1500125,Cáp Lightning Pisen Flat Apple 800mm (Xanh lá),1.0,99091.0,2018-10-09T00:00:00,209.0
1500126,Cáp Lightning Pisen Flat Apple 800mm (Xanh ngọc),5.0,495455.0,2018-10-03T00:00:00,36.0
1500127,Cáp Lightning Pisen Flat Apple 800mm (Xanh da trời),2.0,192727.0,2018-10-03T00:00:00,8.0
1500160,Máy đếm tiền Bosser BC-7900,14.0,28533642.0,2018-10-05T00:00:00,131.0
1500178,Máy hủy giấy Bosser 220CD,10.0,31818180.0,2018-10-09T00:00:00,374.0
1500180,Máy đục lỗ Bosser CB-308,3.0,4380000.0,2018-10-09T00:00:00,940.0
1500184,Miếng dán lót bàn phím,62.0,4948176.0,2018-10-09T00:00:00,40.0
1500226,Máy tính tiền Topcash POS QT 68,1.0,14000000.0,2018-09-20T00:00:00,125.0
1500253,Pin dùng cho laptop Dell 14Z/5421 ZIN,12.0,10909092.0,2018-10-08T00:00:00,793.0
1500254,Pin dùng cho laptop Sony BPS35 ZIN,3.0,3090000.0,2018-10-07T00:00:00,442.0
1500268,Tai nghe Audio-technica ATH-J100BK (Đen),11.0,1889998.0,2018-10-09T00:00:00,141.0
1500269,Tai nghe Audio-technica ATH-J100LGR (Xanh lá),6.0,1019090.0,2018-10-08T00:00:00,0.0
1500270,Tai nghe Audio-technica ATH-J100LPK (Hồng nhạt),3.0,528181.0,2018-10-08T00:00:00,474.0
1500281,Tai nghe Audio-technica ATH-S100iSBK (Đen),9.0,6870000.0,2018-10-08T00:00:00,728.0
1500282,Tai nghe Audio-technica ATH-S100iSBPK (Hồng),8.0,5511817.0,2018-09-29T00:00:00,659.0
1500283,Tai nghe Audio-technica ATH-S100iSBGR (Xanh),5.0,3633636.0,2018-10-09T00:00:00,227.0
1500293,Tai nghe Audio-technica ATH-M20x (Đen),2.0,2909090.0,2018-10-08T00:00:00,143.0
1500294,Bộ chia/ Hub USB 2.0 Orico H3TS-U2,9.0,1294637.0,2018-10-05T00:00:00,90.0
1500310,Tai nghe Audio-technica ATH-J100BL (Xanh dương),4.0,687272.0,2018-10-07T00:00:00,143.0
1500335,Máy in Brother MFC-L2701D,13.0,63014000.0,2018-10-09T00:00:00,941.0
1500337,Bộ cấp nguồn/ Adaptor Dell 19.5V-3.34A (Đầu đạn 2k),4.0,1454544.0,2018-10-04T00:00:00,575.0
1500345,Thẻ cào Vina 500.000,34.0,15039408.0,2018-10-09T00:00:00,263.0
1500372,Tản nhiệt/ Fan laptop CM X Slim II,9.0,2713636.0,2018-10-09T00:00:00,435.0
1500447,Bàn phím laptop Asus X451/X453,23.0,9363638.0,2018-10-09T00:00:00,118.0
1500457,Máy in Brother MFC-L2701DW,70.0,391306835.0,2018-10-09T00:00:00,491.0
1500461,"""Màn hình LCD Dell 27"""" U2715H""",9.0,82836365.0,2018-10-08T00:00:00,492.0
1500504,Hộc đựng tiền Topcash JJ-420,2.0,3200000.0,2018-09-14T00:00:00,461.0
1500521,"""LCD laptop 14.0"""" W Led Slim 30pin chân nhỏ""",45.0,50351814.0,2018-10-09T00:00:00,696.0
1500535,Pin dùng cho laptop Sony Bps35 (4cell),11.0,6000005.0,2018-10-08T00:00:00,491.0
1500556,Pin dùng cho laptop Dell XPS14,1.0,618182.0,2018-10-08T00:00:00,674.0
1500573,"""Màn hình LCD Philips 21.5"""" 223V5QSB6""",38.0,74484997.0,2018-10-09T00:00:00,617.0
1500576,"""Màn hình LCD AOC 23.6"""" M2461FWH""",31.0,72038254.0,2018-10-09T00:00:00,699.0
1500629,Bàn phím laptop Asus N56,1.0,363636.0,2018-09-13T00:00:00,396.0
1500645,Chuột máy tính A4-N360.1 (Xám),113.0,12667342.0,2018-10-09T00:00:00,356.0
1500646,Bàn phím A4 Tech KR.83.U (USB),2.0,241818.0,2018-09-29T00:00:00,667.0
1500713,"""ổ cứng HDD WD 500GB 2.5"""" Sata 3 7200 (WD500 LPLX) (Đen)""",39.0,47236360.0,2018-10-09T00:00:00,25.0
1500759,Cáp 3 in 1 (iP4/iP5/Micro ) Pisen,1.0,98182.0,2018-09-14T00:00:00,309.0
1500779,ổ cứng di động/ USB Transcend 16GB JF700,103.0,13192898.0,2018-10-09T00:00:00,223.0
1500780,Thiết bị mạng/ Switch Linksys 8P LGS108,17.0,15137273.0,2018-10-08T00:00:00,255.0
1500781,Thiết bị mạng/ Switch Linksys 24P LGS124,5.0,17550002.0,2018-10-09T00:00:00,465.0
1500782,Thiết bị mạng/ Switch Linksys 26P LGS326,3.0,19145454.0,2018-09-23T00:00:00,688.0
1500784,Thiết bị mạng Linksys RE6500HG Wireless,0.0,0.0,2018-10-03T00:00:00,0.0
1500799,Bộ lưu điện AR2200(2000VA) 1200W,11.0,37876363.0,2018-10-03T00:00:00,521.0
1500814,Thẻ cào Viettel 500.000,33.0,14594090.0,2018-10-09T00:00:00,923.0
1500840,Túi JCPAL 13'' NeopreneJCP10021,1.0,750000.0,2018-09-16T00:00:00,313.0
1500860,Pin dùng cho laptop Asus A32-X450,61.0,25791690.0,2018-10-09T00:00:00,641.0
1500870,Pin dùng cho laptop HP CB69/6530B,1.0,460909.0,2018-09-23T00:00:00,805.0
1500886,Chuột máy tính Newmen G10 (Vàng),262.0,35337719.0,2018-10-09T00:00:00,521.0
1500888,Chuột máy tính Newmen N500 Plus Gaming (Đen),473.0,79382173.0,2018-10-09T00:00:00,107.0
1500890,Bộ nhớ DDR4 Corsair 16GB (2400) C14 CMK16GX4M2A Ven LPX (2x8GB),10.0,39150457.0,2018-10-05T00:00:00,248.0
1500904,Bộ nhớ laptop DDR3 G.Skill 8GB (1600) F3-1600C9S-8GRSL,22.0,30545818.0,2018-10-09T00:00:00,361.0
1500924,Bộ định tuyến/ Draytek V2925FN (1 sợi quang),13.0,51549933.0,2018-10-09T00:00:00,123.0
1500940,Bộ cấp nguồn/ Adaptor camera Questek PB-06 12V-30A,3.0,2536364.0,2018-10-03T00:00:00,747.0
1500941,Máy in Canon LBP 6030w,67.0,150095457.0,2018-10-09T00:00:00,653.0
1500948,Cáp Micro USB Elecom MPA-AMBCL12GN (Xanh lá),1.0,99091.0,2018-09-17T00:00:00,209.0
1500949,Cáp Micro USB Elecom MPA-AMBCL12PN (Hồng),3.0,291818.0,2018-10-05T00:00:00,217.0
1500998,Máy quét/ Scanner Epson V39,22.0,46103505.0,2018-10-09T00:00:00,277.0
1501000,Thẻ nhớ Micro SD Transcend 32GB (class 10),31.0,6688732.0,2018-10-09T00:00:00,71.0
1501037,Máy in Ricoh SP210SF,1.0,3500000.0,2018-10-02T00:00:00,788.0
1501038,Máy in Ricoh SP210SU,1.0,2490909.0,2018-10-03T00:00:00,697.0
1501097,Khay ổ cứng 2.5'' slim,232.0,79474464.0,2018-10-09T00:00:00,579.0
1501098,Khay ổ cứng 2.5'' dày,67.0,23145484.0,2018-10-09T00:00:00,33.0
1501109,Docking ổ cứng Sharkoon Sata QuickPort XT Duo usb 3.0,6.0,4636363.0,2018-09-15T00:00:00,8.0
1501154,Thiết bị mạng D-Link DIR 880L,3.0,9532727.0,2018-09-27T00:00:00,704.0
1501155,Máy hủy giấy DSB FD-506M,6.0,9600000.0,2018-10-05T00:00:00,374.0
1501172,Máy in Ricoh SP212SNW,3.0,9205364.0,2018-09-20T00:00:00,257.0
1501173,Máy in Ricoh SP212SFNW,0.0,0.0,2018-09-23T00:00:00,0.0
1501175,Máy in Xerox P225db,1.0,2142727.0,2018-09-11T00:00:00,620.0
1501220,Bàn phím laptop Sony SVT13/SVT14,2.0,1478182.0,2018-09-20T00:00:00,1006.0
1501247,Bộ nhớ laptop DDR3L Kingston 4GB (1600) (KVR16LS11/4)1.35V,238.0,173377103.0,2018-10-09T00:00:00,633.0
1501248,Bộ nhớ laptop DDR3L Kingston 8GB (1600) (KVR16LS11/8)1.35V,103.0,149616077.0,2018-10-09T00:00:00,548.0
1501249,Bộ nhớ DDR3 Kingston 8GB (1600) Hyper X Fury (HX316C10F/8) (Xanh),4.0,6618180.0,2018-10-08T00:00:00,149.0
1501298,Mực in Canon 337,17.0,25410000.0,2018-10-08T00:00:00,353.0
1501302,"Túi đệm Lenovo 11.6""""",1.0,0.0,2018-09-26T00:00:00,0.0
1501307,Quạt CPU CM Hyper D92,15.0,12727635.0,2018-10-08T00:00:00,109.0
1501309,Thùng máy/ Case Sama S6 (No Power),34.0,11212855.0,2018-10-09T00:00:00,847.0
1501326,Máy hủy giấy Silicon PS-650C,2.0,7018182.0,2018-09-27T00:00:00,587.0
1501329,Loa Microlab M108U (2.1),15.0,7483455.0,2018-10-08T00:00:00,711.0
